id,displayName,userPrincipalName,userType,onPremisesSyncEnabled,identities,companyName,creationType,mobilePhone,mail,jobTitle,accountEnabled
48e4665b-34b6-40d0-a511-c879b2a123f7,Aadi Jain,aadi.jain@kforce.co.in,Member,,"[{""signInType"":""userPrincipalName"",""issuer"":""Kforceinternational.onmicrosoft.com"",""issuerAssignedId"":""aadi.jain@kforce.co.in""}]",KnowledgeForce India,,+91 9663159949,aadi.jain@kforce.co.in,Software Developer,True
3c5ebe92-5a35-449d-9156-475f1b9feb33,Abhishek Ponnapati,abhishek.ponnapati@kforce.co.in,Member,,"[{""signInType"":""userPrincipalName"",""issuer"":""Kforceinternational.onmicrosoft.com"",""issuerAssignedId"":""abhishek.ponnapati@kforce.co.in""}]",KnowledgeForce India,,+91 8971567903,abhishek.ponnapati@kforce.co.in,Ci / Cd Security Automation Engineer,True
081f11ba-8f6e-4193-b381-42b044678ea4,Abhishek Shivdekar,abhishek.shivdekar@kforce.co.in,Member,,"[{""signInType"":""userPrincipalName"",""issuer"":""Kforceinternational.onmicrosoft.com"",""issuerAssignedId"":""abhishek.shivdekar@kforce.co.in""}]",KnowledgeForce India,,+91 888821744,abhishek.shivdekar@kforce.co.in,Senior Data Engineer,True
8236f090-18e4-491d-a3c2-eb044b1e802a,Accounting,accounting@kforce.co.in,Member,,"[{""signInType"":""userPrincipalName"",""issuer"":""Kforceinternational.onmicrosoft.com"",""issuerAssignedId"":""accounting@kforce.co.in""}]",,,,accounting@kforce.co.in,,False
aa1ecca4-a8f7-44f3-bca9-b02db80e8b3a,Achal Nale,achal.nale@kforce.co.in,Member,,"[{""signInType"":""userPrincipalName"",""issuer"":""Kforceinternational.onmicrosoft.com"",""issuerAssignedId"":""achal.nale@kforce.co.in""}]",KnowledgeForce India,,+91 8688221813,achal.nale@kforce.co.in,IT Recruiter,True
550ca748-6d10-4fa1-87be-7ee9f515acac,"Acosta-Segura, Marcio - Q",Q-MAcostaSegura_kforce.com#EXT#@Kforceinternational.onmicrosoft.com,Member,,"[{""signInType"":""federated"",""issuer"":""ExternalAzureAD"",""issuerAssignedId"":null},{""signInType"":""userPrincipalName"",""issuer"":""Kforceinternational.onmicrosoft.com"",""issuerAssignedId"":""Q-MAcostaSegura_kforce.com#EXT#@Kforceinternational.onmicrosoft.com""}]",,Invitation,,Q-MAcostaSegura@kforce.com,,True
be4e071e-29b3-4f1c-ae55-707dee02a351,"Adams, Emily",EAdams4_kforce.com#EXT#@Kforceinternational.onmicrosoft.com,Member,,"[{""signInType"":""federated"",""issuer"":""ExternalAzureAD"",""issuerAssignedId"":null},{""signInType"":""userPrincipalName"",""issuer"":""Kforceinternational.onmicrosoft.com"",""issuerAssignedId"":""EAdams4_kforce.com#EXT#@Kforceinternational.onmicrosoft.com""}]",,Invitation,,EAdams4@kforce.com,Talent Associate ISS,True
e2abc0a4-ca00-4e7a-b50d-ddea42d899ed,Admin Support Agent,svc-adminsupportautomation@Kforceinternational.onmicrosoft.com,Member,,"[{""signInType"":""userPrincipalName"",""issuer"":""Kforceinternational.onmicrosoft.com"",""issuerAssignedId"":""svc-adminsupportautomation@Kforceinternational.onmicrosoft.com""}]",,,,svc-adminsupportautomation@kforce.co.in,,True
94572220-7636-4948-831c-d8f8586d62c7,Akash V Harde,akash.harde@kforce.co.in,Member,,"[{""signInType"":""userPrincipalName"",""issuer"":""Kforceinternational.onmicrosoft.com"",""issuerAssignedId"":""akash.harde@kforce.co.in""}]",KnowledgeForce India,,,akash.harde@kforce.co.in,Data Engineer,True
94f51834-95cb-4641-ba28-949362aa32e6,Akshay Dhaygude,akshay.dhaygude@kforce.co.in,Member,,"[{""signInType"":""userPrincipalName"",""issuer"":""Kforceinternational.onmicrosoft.com"",""issuerAssignedId"":""akshay.dhaygude@kforce.co.in""}]",KnowledgeForce India,,8080549731,akshay.dhaygude@kforce.co.in,Data Engineer,True
0adba5b0-091f-4168-968c-bbb1918f016a,Akshaya Unki,akshaya.unki@kforce.co.in,Member,,"[{""signInType"":""userPrincipalName"",""issuer"":""Kforceinternational.onmicrosoft.com"",""issuerAssignedId"":""akshaya.unki@kforce.co.in""}]",KnowledgeForce India,,+91 7406587486,akshaya.unki@kforce.co.in,Ci/Cd Security Automation Engineer,True
f9767fd5-c817-48cc-8716-7a7206d3aaaa,Ambesh Swami,ambesh.swami@kforce.co.in,Member,,"[{""signInType"":""userPrincipalName"",""issuer"":""Kforceinternational.onmicrosoft.com"",""issuerAssignedId"":""ambesh.swami@kforce.co.in""}]",KnowledgeForce India,,8791103554,ambesh.swami@kforce.co.in,Ai Engineer,True
c0b8831b-eb2d-46e0-be8d-8988fabf7e7e,Ankit Mathur,ankit.mathur@kforce.co.in,Member,,"[{""signInType"":""userPrincipalName"",""issuer"":""Kforceinternational.onmicrosoft.com"",""issuerAssignedId"":""ankit.mathur@kforce.co.in""}]",KnowledgeForce India,,+91 9158466536,ankit.mathur@kforce.co.in,SENIOR AWS CONNECT ENGINEER,True
5b09e406-c337-4788-84c6-cc6ca896664d,Anmol Sharma,anmol.sharma@kforce.co.in,Member,,"[{""signInType"":""userPrincipalName"",""issuer"":""Kforceinternational.onmicrosoft.com"",""issuerAssignedId"":""anmol.sharma@kforce.co.in""}]",KnowledgeForce India,,8889758116,anmol.sharma@kforce.co.in,Senior Python Developer,True
4f310445-3339-422b-8e7c-565e34c887cb,"Anthony, Sean",santhony_kforce.com#EXT#@Kforceinternational.onmicrosoft.com,Member,,"[{""signInType"":""federated"",""issuer"":""ExternalAzureAD"",""issuerAssignedId"":null},{""signInType"":""userPrincipalName"",""issuer"":""Kforceinternational.onmicrosoft.com"",""issuerAssignedId"":""santhony_kforce.com#EXT#@Kforceinternational.onmicrosoft.com""}]",,Invitation,,santhony@kforce.com,Sr Dir Consult Resource Mgmt,True
a48d4ce7-ae88-41a0-93c1-a59d8ff07487,Anuj Khare,anuj.khare@kforce.co.in,Member,,"[{""signInType"":""userPrincipalName"",""issuer"":""Kforceinternational.onmicrosoft.com"",""issuerAssignedId"":""anuj.khare@kforce.co.in""}]",KnowledgeForce India,,+91 8527498023,anuj.khare@kforce.co.in,Data Engineer,True
f8a7cfa1-825a-4f31-a3d7-9477290de9fa,Anuja Bhosale,anuja.bhosale@kforce.co.in,Member,,"[{""signInType"":""userPrincipalName"",""issuer"":""Kforceinternational.onmicrosoft.com"",""issuerAssignedId"":""anuja.bhosale@kforce.co.in""}]",KnowledgeForce India,,+91 8975821714,anuja.bhosale@kforce.co.in,IT Recruiter,True
b1ebe8b8-67f3-4742-998a-e3b9dc518e22,Anuradha Patil,anuradha.patil@kforce.co.in,Member,,"[{""signInType"":""userPrincipalName"",""issuer"":""Kforceinternational.onmicrosoft.com"",""issuerAssignedId"":""anuradha.patil@kforce.co.in""}]",KnowledgeForce India,,+91 7798099595,anuradha.patil@kforce.co.in,Knowledgeforce VSD Talent Associate,True
0817828a-d8cb-400b-a869-921f1fabac70,Apple Business,ABM@kforce.co.in,Member,,"[{""signInType"":""userPrincipalName"",""issuer"":""Kforceinternational.onmicrosoft.com"",""issuerAssignedId"":""ABM@kforce.co.in""}]",,,,ABM@kforce.co.in,,False
b22b8c53-115f-4856-9668-d5a1dbbf7068,Apple Business Manager,applebusinessmanager@kforce.co.in,Member,,"[{""signInType"":""userPrincipalName"",""issuer"":""Kforceinternational.onmicrosoft.com"",""issuerAssignedId"":""applebusinessmanager@kforce.co.in""}]",,,,applebusinessmanager@kforce.co.in,,False
f0f063ec-dfc1-46ae-8439-78f8b7018558,Arun Reddy,arun.reddy@kforce.co.in,Member,,"[{""signInType"":""userPrincipalName"",""issuer"":""Kforceinternational.onmicrosoft.com"",""issuerAssignedId"":""arun.reddy@kforce.co.in""}]",KnowledgeForce India,,+919712321089,arun.reddy@kforce.co.in,Expert Data Engineer,True
78f1433c-582e-45f8-8084-accffd0487d5,Aswathi Sivaraman,aswathi.sivaraman@kforce.co.in,Member,,"[{""signInType"":""userPrincipalName"",""issuer"":""Kforceinternational.onmicrosoft.com"",""issuerAssignedId"":""aswathi.sivaraman@kforce.co.in""}]",KnowledgeForce India,,+91 9745446386,aswathi.sivaraman@kforce.co.in,Data Engineer,True
69696afa-74da-49ec-8725-8be19f589a30,Austin Powers (test),austin.powers@kforce.co.in,Member,,"[{""signInType"":""userPrincipalName"",""issuer"":""Kforceinternational.onmicrosoft.com"",""issuerAssignedId"":""austin.powers@kforce.co.in""}]",,,,austin.powers@kforce.co.in,,True
4c308608-d5a9-499d-bbba-deb90b6d5a34,"Bair, David",dbair_kforce.com#EXT#@Kforceinternational.onmicrosoft.com,Member,,"[{""signInType"":""federated"",""issuer"":""ExternalAzureAD"",""issuerAssignedId"":null},{""signInType"":""userPrincipalName"",""issuer"":""Kforceinternational.onmicrosoft.com"",""issuerAssignedId"":""dbair_kforce.com#EXT#@Kforceinternational.onmicrosoft.com""}]",,Invitation,,dbair@kforce.com,President Consulting Solutions,True
0fc91303-aee5-46d7-bf0d-9b183f6f53c7,Balram Bhattacharya,balram.bhattacharya@kforce.co.in,Member,,"[{""signInType"":""userPrincipalName"",""issuer"":""Kforceinternational.onmicrosoft.com"",""issuerAssignedId"":""balram.bhattacharya@kforce.co.in""}]",KnowledgeForce India,,+918208437479,balram.bhattacharya@kforce.co.in,MS 365 System Administrator,True
7977acf2-5973-4562-9b7e-32f1f1e86cd9,Bapuji Dirisala,bapuji.dirisala@kforce.co.in,Member,,"[{""signInType"":""userPrincipalName"",""issuer"":""Kforceinternational.onmicrosoft.com"",""issuerAssignedId"":""bapuji.dirisala@kforce.co.in""}]",KnowledgeForce India,,+1-6605280391,bapuji.dirisala@kforce.co.in,Lead Data Engineer,True
0ced2889-d455-4a29-9970-a5a6b55fffa3,"Behrens, Andrew - Q",q-abehrens_kforce.com#EXT#@Kforceinternational.onmicrosoft.com,Member,,"[{""signInType"":""federated"",""issuer"":""ExternalAzureAD"",""issuerAssignedId"":null},{""signInType"":""userPrincipalName"",""issuer"":""Kforceinternational.onmicrosoft.com"",""issuerAssignedId"":""q-abehrens_kforce.com#EXT#@Kforceinternational.onmicrosoft.com""}]",,Invitation,,q-abehrens@kforce.com,,True
f880276b-0776-47e5-8697-dfca6574ca26,"Bell, Jedidiah",jbell2_kforce.com#EXT#@Kforceinternational.onmicrosoft.com,Member,,"[{""signInType"":""federated"",""issuer"":""ExternalAzureAD"",""issuerAssignedId"":null},{""signInType"":""userPrincipalName"",""issuer"":""Kforceinternational.onmicrosoft.com"",""issuerAssignedId"":""jbell2_kforce.com#EXT#@Kforceinternational.onmicrosoft.com""}]",,Invitation,,jbell2@kforce.com,Sr IT User Supp Spec Infra,True
e9be0f87-a9d7-4a52-b6b8-ebe707894823,"Berwick, Lyndsey",LBerwick_kforce.com#EXT#@Kforceinternational.onmicrosoft.com,Member,,"[{""signInType"":""federated"",""issuer"":""ExternalAzureAD"",""issuerAssignedId"":null},{""signInType"":""userPrincipalName"",""issuer"":""Kforceinternational.onmicrosoft.com"",""issuerAssignedId"":""LBerwick_kforce.com#EXT#@Kforceinternational.onmicrosoft.com""}]",,Invitation,,LBerwick@kforce.com,Talent Associate ISS,True
289e171d-f440-4a59-b1b3-66b6a977e8a7,"Beutelschmidt, Theres",TBeutelschmidt_kforce.com#EXT#@Kforceinternational.onmicrosoft.com,Member,,"[{""signInType"":""federated"",""issuer"":""ExternalAzureAD"",""issuerAssignedId"":null},{""signInType"":""userPrincipalName"",""issuer"":""Kforceinternational.onmicrosoft.com"",""issuerAssignedId"":""TBeutelschmidt_kforce.com#EXT#@Kforceinternational.onmicrosoft.com""}]",,Invitation,,TBeutelschmidt@kforce.com,Talent Executive ISS,True
4899b37c-4d80-4f3c-8c6f-49321f2a6a42,"Blitz, Steven",SBlitz_kforce.com#EXT#@Kforceinternational.onmicrosoft.com,Member,,"[{""signInType"":""federated"",""issuer"":""ExternalAzureAD"",""issuerAssignedId"":null},{""signInType"":""userPrincipalName"",""issuer"":""Kforceinternational.onmicrosoft.com"",""issuerAssignedId"":""SBlitz_kforce.com#EXT#@Kforceinternational.onmicrosoft.com""}]",,Invitation,,SBlitz@kforce.com,Principal Talent Executive VSD,True
9a47f2d3-6925-4d20-af48-6c673bbba6ad,"Bobanic, Greg",gbobanic_kforce.com#EXT#@Kforceinternational.onmicrosoft.com,Member,,"[{""signInType"":""federated"",""issuer"":""ExternalAzureAD"",""issuerAssignedId"":null},{""signInType"":""userPrincipalName"",""issuer"":""Kforceinternational.onmicrosoft.com"",""issuerAssignedId"":""gbobanic_kforce.com#EXT#@Kforceinternational.onmicrosoft.com""}]",,Invitation,,gbobanic@kforce.com,VP Talent Acquisition ITS,True
3eca82c2-1ed4-48dd-80f2-62b1aac43c1a,"Bosco, Mackenzie",MDale_kforce.com#EXT#@Kforceinternational.onmicrosoft.com,Member,,"[{""signInType"":""federated"",""issuer"":""ExternalAzureAD"",""issuerAssignedId"":null},{""signInType"":""userPrincipalName"",""issuer"":""Kforceinternational.onmicrosoft.com"",""issuerAssignedId"":""MDale_kforce.com#EXT#@Kforceinternational.onmicrosoft.com""}]",,Invitation,,mbrady@kforce.com,Dir Talent Acquisition ITS,True
99e4aea0-9098-4be5-a924-b7df985e64c6,"Boyd, Brad",BBoyd_kforce.com#EXT#@Kforceinternational.onmicrosoft.com,Member,,"[{""signInType"":""federated"",""issuer"":""ExternalAzureAD"",""issuerAssignedId"":null},{""signInType"":""userPrincipalName"",""issuer"":""Kforceinternational.onmicrosoft.com"",""issuerAssignedId"":""BBoyd_kforce.com#EXT#@Kforceinternational.onmicrosoft.com""}]",,Invitation,,BBoyd@kforce.com,VP Consulting Solutions,True
7c0cf33f-f266-4523-98f4-23ceaee53e73,"Bradley, Grace",VBradley_kforce.com#EXT#@Kforceinternational.onmicrosoft.com,Member,,"[{""signInType"":""federated"",""issuer"":""ExternalAzureAD"",""issuerAssignedId"":null},{""signInType"":""userPrincipalName"",""issuer"":""Kforceinternational.onmicrosoft.com"",""issuerAssignedId"":""VBradley_kforce.com#EXT#@Kforceinternational.onmicrosoft.com""}]",,Invitation,,VBradley@kforce.com,Supr Resource Mgmt,True
2f6ea7cf-d464-4b28-ba32-7f7f50c714c8,Brandon Sutton,BSutton@Kforceinternational.onmicrosoft.com,Member,,"[{""signInType"":""userPrincipalName"",""issuer"":""Kforceinternational.onmicrosoft.com"",""issuerAssignedId"":""BSutton@Kforceinternational.onmicrosoft.com""}]",,,,BSutton@Kforceinternational.onmicrosoft.com,,True
7c136841-3d1f-4cd7-bbb5-cccc71a88c45,"Brexon, Iryna",IZankovska_kforce.com#EXT#@Kforceinternational.onmicrosoft.com,Member,,"[{""signInType"":""federated"",""issuer"":""ExternalAzureAD"",""issuerAssignedId"":null},{""signInType"":""userPrincipalName"",""issuer"":""Kforceinternational.onmicrosoft.com"",""issuerAssignedId"":""IZankovska_kforce.com#EXT#@Kforceinternational.onmicrosoft.com""}]",,Invitation,,IZankovska@kforce.com,Dir Talent Acquisition ITS,True
024bbac8-fa0b-49b2-b573-2e1c314dc7f0,Brian Hill,bhill@Kforceinternational.onmicrosoft.com,Member,,"[{""signInType"":""userPrincipalName"",""issuer"":""Kforceinternational.onmicrosoft.com"",""issuerAssignedId"":""bhill@Kforceinternational.onmicrosoft.com""}]",,,,,,True
0635522f-e8e7-4049-97ae-f426c5c5b377,"Buccini, Joe",jbuccini_kforce.com#EXT#@Kforceinternational.onmicrosoft.com,Member,,"[{""signInType"":""federated"",""issuer"":""ExternalAzureAD"",""issuerAssignedId"":null},{""signInType"":""userPrincipalName"",""issuer"":""Kforceinternational.onmicrosoft.com"",""issuerAssignedId"":""jbuccini_kforce.com#EXT#@Kforceinternational.onmicrosoft.com""}]",,Invitation,,jbuccini@kforce.com,VP IT Technology Services,True
f62301a0-7600-41e3-ada6-9ee766e6e6e6,"Byers, Grant",GByers_kforce.com#EXT#@Kforceinternational.onmicrosoft.com,Member,,"[{""signInType"":""federated"",""issuer"":""ExternalAzureAD"",""issuerAssignedId"":null},{""signInType"":""userPrincipalName"",""issuer"":""Kforceinternational.onmicrosoft.com"",""issuerAssignedId"":""GByers_kforce.com#EXT#@Kforceinternational.onmicrosoft.com""}]",,Invitation,,GByers@kforce.com,Sr Client Exec,True
5f0f5337-2402-43aa-b3e1-faf6a23c87f5,"Calvert, Lauren",lcalvert_kforce.com#EXT#@Kforceinternational.onmicrosoft.com,Member,,"[{""signInType"":""federated"",""issuer"":""ExternalAzureAD"",""issuerAssignedId"":null},{""signInType"":""userPrincipalName"",""issuer"":""Kforceinternational.onmicrosoft.com"",""issuerAssignedId"":""lcalvert_kforce.com#EXT#@Kforceinternational.onmicrosoft.com""}]",,Invitation,,lcalvert@kforce.com,Sr Mgr Intl Recruiting,True
2687732a-40ca-4aa2-85d3-2065a5a31da0,"Capas, Michaella",MCapas_kforce.com#EXT#@Kforceinternational.onmicrosoft.com,Member,,"[{""signInType"":""federated"",""issuer"":""ExternalAzureAD"",""issuerAssignedId"":null},{""signInType"":""userPrincipalName"",""issuer"":""Kforceinternational.onmicrosoft.com"",""issuerAssignedId"":""MCapas_kforce.com#EXT#@Kforceinternational.onmicrosoft.com""}]",,Invitation,,MCapas@kforce.com,Talent Executive ISS,True
e1ad1766-b758-4355-ba67-4fa5d9940fb8,"Carter, Nathan",NCarter2_kforce.com#EXT#@Kforceinternational.onmicrosoft.com,Member,,"[{""signInType"":""federated"",""issuer"":""ExternalAzureAD"",""issuerAssignedId"":null},{""signInType"":""userPrincipalName"",""issuer"":""Kforceinternational.onmicrosoft.com"",""issuerAssignedId"":""NCarter2_kforce.com#EXT#@Kforceinternational.onmicrosoft.com""}]",,Invitation,,NCarter2@kforce.com,ITS Resource Manager,True
d598de20-fb90-408e-91a9-db95a833b591,"Carver IV, Tom",MCarver_kforce.com#EXT#@Kforceinternational.onmicrosoft.com,Member,,"[{""signInType"":""federated"",""issuer"":""ExternalAzureAD"",""issuerAssignedId"":null},{""signInType"":""userPrincipalName"",""issuer"":""Kforceinternational.onmicrosoft.com"",""issuerAssignedId"":""MCarver_kforce.com#EXT#@Kforceinternational.onmicrosoft.com""}]",,Invitation,,MCarver@kforce.com,Talent Associate ISS,True
0a07b1ad-13b1-41ad-84e3-8bf2b6a1911d,"Cerniglia, Samantha",SCerniglia_kforce.com#EXT#@Kforceinternational.onmicrosoft.com,Member,,"[{""signInType"":""federated"",""issuer"":""ExternalAzureAD"",""issuerAssignedId"":null},{""signInType"":""userPrincipalName"",""issuer"":""Kforceinternational.onmicrosoft.com"",""issuerAssignedId"":""SCerniglia_kforce.com#EXT#@Kforceinternational.onmicrosoft.com""}]",,Invitation,,SCerniglia@kforce.com,Talent Associate VSD,True
fcd8b321-6df5-4d1d-94c0-781107546b22,"Cerveny, Jeremy",JCerveny_kforce.com#EXT#@Kforceinternational.onmicrosoft.com,Member,,"[{""signInType"":""federated"",""issuer"":""ExternalAzureAD"",""issuerAssignedId"":null},{""signInType"":""userPrincipalName"",""issuer"":""Kforceinternational.onmicrosoft.com"",""issuerAssignedId"":""JCerveny_kforce.com#EXT#@Kforceinternational.onmicrosoft.com""}]",,Invitation,,JCerveny@kforce.com,Sr Mgr IT Cyber Security,True
0cb997c3-cb48-4d94-9041-476fdb8a386f,cestradatest,cestrada.test@kforce.co.in,Member,,"[{""signInType"":""userPrincipalName"",""issuer"":""Kforceinternational.onmicrosoft.com"",""issuerAssignedId"":""cestrada.test@kforce.co.in""}]",,,,cestrada.test@kforce.co.in,,True
c5241ee6-694c-4736-9228-28d10e4bd56a,Chaitanya Mutnuri,chaitanya.mutnuri@kforce.co.in,Member,,"[{""signInType"":""userPrincipalName"",""issuer"":""Kforceinternational.onmicrosoft.com"",""issuerAssignedId"":""chaitanya.mutnuri@kforce.co.in""}]",KnowledgeForce India,,+91 8333076135,chaitanya.mutnuri@kforce.co.in,Software Developer,True
1b2ec10c-2a26-414f-8efa-b66c80ff526a,Chandrasekhar Conji Leelagopal,chandrasekhar.conjileelagopal@kforce.co.in,Member,,"[{""signInType"":""userPrincipalName"",""issuer"":""Kforceinternational.onmicrosoft.com"",""issuerAssignedId"":""chandrasekhar.conjileelagopal@kforce.co.in""}]",Innovalus,,,chandrasekhar.conjileelagopal@kforce.co.in,Knowledgeforce Board Member,True
8a4963fe-ca23-4abf-a5ec-9999cef42bd0,"Cloninger, Robby",RCloninger_kforce.com#EXT#@Kforceinternational.onmicrosoft.com,Member,,"[{""signInType"":""federated"",""issuer"":""ExternalAzureAD"",""issuerAssignedId"":null},{""signInType"":""userPrincipalName"",""issuer"":""Kforceinternational.onmicrosoft.com"",""issuerAssignedId"":""RCloninger_kforce.com#EXT#@Kforceinternational.onmicrosoft.com""}]",,Invitation,,RCloninger@kforce.com,Sr Dir Consulting Solutions,True
98e37695-f36b-47f6-9a4d-4caa462759fa,"Clough, Jenoi",JClough_kforce.com#EXT#@Kforceinternational.onmicrosoft.com,Member,,"[{""signInType"":""federated"",""issuer"":""ExternalAzureAD"",""issuerAssignedId"":null},{""signInType"":""userPrincipalName"",""issuer"":""Kforceinternational.onmicrosoft.com"",""issuerAssignedId"":""JClough_kforce.com#EXT#@Kforceinternational.onmicrosoft.com""}]",,Invitation,,JClough@kforce.com,Talent Associate ISS,True
124ed3a8-bf23-48f4-b68e-eaa785ecb5d1,Conditional Access Optimization Agent (Security Copilot),SecurityCopilotAgentUser-cf0b4d26-91cc-4628-86e8-37ea414ab747@kforce.co.in,Member,,"[{""signInType"":""userPrincipalName"",""issuer"":""Kforceinternational.onmicrosoft.com"",""issuerAssignedId"":""SecurityCopilotAgentUser-cf0b4d26-91cc-4628-86e8-37ea414ab747@kforce.co.in""}]",,,,,,True
92336a5e-564d-4dc4-a6cd-00d449236a7e,"Cowdery, Zac",ZCowdery_kforce.com#EXT#@Kforceinternational.onmicrosoft.com,Member,,"[{""signInType"":""federated"",""issuer"":""ExternalAzureAD"",""issuerAssignedId"":null},{""signInType"":""userPrincipalName"",""issuer"":""Kforceinternational.onmicrosoft.com"",""issuerAssignedId"":""ZCowdery_kforce.com#EXT#@Kforceinternational.onmicrosoft.com""}]",,Invitation,,ZCowdery@kforce.com,Talent Associate VSD,True
db014e92-f967-4884-b33d-ff551dca05eb,"Cozzi, Lena",LRapp_kforce.com#EXT#@Kforceinternational.onmicrosoft.com,Member,,"[{""signInType"":""federated"",""issuer"":""ExternalAzureAD"",""issuerAssignedId"":null},{""signInType"":""userPrincipalName"",""issuer"":""Kforceinternational.onmicrosoft.com"",""issuerAssignedId"":""LRapp_kforce.com#EXT#@Kforceinternational.onmicrosoft.com""}]",,Invitation,,LRapp@kforce.com,Sr Project Mgr,True
781b1b61-ccdb-4d0c-a147-97098bdff805,Dean D'Agostino,ddagostino@Kforceinternational.onmicrosoft.com,Member,,"[{""signInType"":""userPrincipalName"",""issuer"":""Kforceinternational.onmicrosoft.com"",""issuerAssignedId"":""ddagostino@Kforceinternational.onmicrosoft.com""}]",,,,ddagostino@kforce.co.in,,True
cdea352a-bd85-4bce-b757-f029602c2ce1,Deepak Bhadoriya,deepak.bhadoriya@kforce.co.in,Member,,"[{""signInType"":""userPrincipalName"",""issuer"":""Kforceinternational.onmicrosoft.com"",""issuerAssignedId"":""deepak.bhadoriya@kforce.co.in""}]",KnowledgeForce India,,+917387365879,deepak.bhadoriya@kforce.co.in,Senior IT Recruiter,True
97014d27-ce63-4f20-8591-c54d92747fea,Dhiraj Kulkarni,dhiraj.kulkarni@kforce.co.in,Member,,"[{""signInType"":""userPrincipalName"",""issuer"":""Kforceinternational.onmicrosoft.com"",""issuerAssignedId"":""dhiraj.kulkarni@kforce.co.in""}]",KnowledgeForce India,,+91 8668695778,dhiraj.kulkarni@kforce.co.in,QUALITY ASSURANCE ENGINEER,True
992460cb-6bea-44eb-81a8-1950156e4a6f,"Diaz, Orlando",odiaz_kforce.com#EXT#@Kforceinternational.onmicrosoft.com,Member,,"[{""signInType"":""federated"",""issuer"":""ExternalAzureAD"",""issuerAssignedId"":null},{""signInType"":""userPrincipalName"",""issuer"":""Kforceinternational.onmicrosoft.com"",""issuerAssignedId"":""odiaz_kforce.com#EXT#@Kforceinternational.onmicrosoft.com""}]",,Invitation,,odiaz@kforce.com,VP Talent Acquisition ITS,True
cb48b839-149f-4fbe-beb1-14df7eed645d,"Dietz, Sadie",SDietz2_kforce.com#EXT#@Kforceinternational.onmicrosoft.com,Member,,"[{""signInType"":""federated"",""issuer"":""ExternalAzureAD"",""issuerAssignedId"":null},{""signInType"":""userPrincipalName"",""issuer"":""Kforceinternational.onmicrosoft.com"",""issuerAssignedId"":""SDietz2_kforce.com#EXT#@Kforceinternational.onmicrosoft.com""}]",,Invitation,,SDietz2@kforce.com,Talent Associate ISS,True
3ede117f-8b81-4277-bff1-2eabac52fdbc,Dilli Sivanadhan,dilli.sivanadhan@kforce.co.in,Member,,"[{""signInType"":""userPrincipalName"",""issuer"":""Kforceinternational.onmicrosoft.com"",""issuerAssignedId"":""dilli.sivanadhan@kforce.co.in""}]",KnowledgeForce India,,+91 9440362699,dilli.sivanadhan@kforce.co.in,Ci/Cd Security Automation Engineer,True
22c342ed-9b21-4bd8-a589-c042983d5b76,Dipak Kawale,dipak.kawale@kforce.co.in,Member,,"[{""signInType"":""userPrincipalName"",""issuer"":""Kforceinternational.onmicrosoft.com"",""issuerAssignedId"":""dipak.kawale@kforce.co.in""}]",KnowledgeForce India,,+91 7039008629,dipak.kawale@kforce.co.in,Ai Prompt Engineer - Health Equity,True
aa4272d5-851d-423e-b4f9-2dcd309ca35a,Dipankar Banerjee,dipankar.banerjee@kforce.co.in,Member,,"[{""signInType"":""userPrincipalName"",""issuer"":""Kforceinternational.onmicrosoft.com"",""issuerAssignedId"":""dipankar.banerjee@kforce.co.in""}]",Innovalus,,,dipankar.banerjee@kforce.co.in,PMO Operations,True
db541a4a-0d5a-412d-a7d9-5bc9c350e0ab,Divya Kulkarni,divya.kulkarni@kforce.co.in,Member,,"[{""signInType"":""userPrincipalName"",""issuer"":""Kforceinternational.onmicrosoft.com"",""issuerAssignedId"":""divya.kulkarni@kforce.co.in""}]",KnowledgeForce India,,+91 9373736883,divya.kulkarni@kforce.co.in,It Recruiter,True
a3ac828c-d329-478f-a252-67a18dc068d5,Divyani H Parche,divyani.parche@kforce.co.in,Member,,"[{""signInType"":""userPrincipalName"",""issuer"":""Kforceinternational.onmicrosoft.com"",""issuerAssignedId"":""divyani.parche@kforce.co.in""}]",KnowledgeForce India,,,divyani.parche@kforce.co.in,Senior IT Recruiter,True
4a9b4a85-f3c8-41b2-8f72-61d634600c5b,dkeating,dkeating_kforce.com#EXT#@Kforceinternational.onmicrosoft.com,Guest,,"[{""signInType"":""federated"",""issuer"":""ExternalAzureAD"",""issuerAssignedId"":null},{""signInType"":""userPrincipalName"",""issuer"":""Kforceinternational.onmicrosoft.com"",""issuerAssignedId"":""dkeating_kforce.com#EXT#@Kforceinternational.onmicrosoft.com""}]",,Invitation,,dkeating@kforce.com,,True
16755851-8497-4664-80f3-4f05107f1c30,Dnyaneshwar Karande,dnyaneshwar.karande@kforce.co.in,Member,,"[{""signInType"":""userPrincipalName"",""issuer"":""Kforceinternational.onmicrosoft.com"",""issuerAssignedId"":""dnyaneshwar.karande@kforce.co.in""}]",KnowledgeForce India,,+91 9834007837,dnyaneshwar.karande@kforce.co.in,Endpoint Management Engineer,True
7c332adf-f7cc-4c1c-9800-558ef3aa860d,"Dooner, Kyle",KDooner_kforce.com#EXT#@Kforceinternational.onmicrosoft.com,Member,,"[{""signInType"":""federated"",""issuer"":""ExternalAzureAD"",""issuerAssignedId"":null},{""signInType"":""userPrincipalName"",""issuer"":""Kforceinternational.onmicrosoft.com"",""issuerAssignedId"":""KDooner_kforce.com#EXT#@Kforceinternational.onmicrosoft.com""}]",,Invitation,,KDooner@kforce.com,SVP Solutions Delivery,True
a8502050-eb06-4a06-8299-a179ace4192d,"Drennon, Dalton",DDrennon_kforce.com#EXT#@Kforceinternational.onmicrosoft.com,Member,,"[{""signInType"":""federated"",""issuer"":""ExternalAzureAD"",""issuerAssignedId"":null},{""signInType"":""userPrincipalName"",""issuer"":""Kforceinternational.onmicrosoft.com"",""issuerAssignedId"":""DDrennon_kforce.com#EXT#@Kforceinternational.onmicrosoft.com""}]",,Invitation,,DDrennon@kforce.com,Talent Associate VSD,True
427dde74-12c3-4f68-8150-e1e8b1e6189d,"Drijver, Gordon",GDrijver_kforce.com#EXT#@Kforceinternational.onmicrosoft.com,Member,,"[{""signInType"":""federated"",""issuer"":""ExternalAzureAD"",""issuerAssignedId"":null},{""signInType"":""userPrincipalName"",""issuer"":""Kforceinternational.onmicrosoft.com"",""issuerAssignedId"":""GDrijver_kforce.com#EXT#@Kforceinternational.onmicrosoft.com""}]",,Invitation,,GDrijver@kforce.com,VP Talent Acquisition ITS,True
6db37bec-1c96-4e52-b761-5cd2bf03df91,"Dunlap, Eric",edunlap_kforce.com#EXT#@Kforceinternational.onmicrosoft.com,Member,,"[{""signInType"":""federated"",""issuer"":""ExternalAzureAD"",""issuerAssignedId"":null},{""signInType"":""userPrincipalName"",""issuer"":""Kforceinternational.onmicrosoft.com"",""issuerAssignedId"":""edunlap_kforce.com#EXT#@Kforceinternational.onmicrosoft.com""}]",,Invitation,,edunlap@kforce.com,Sr Dir Infrastructure Engineer,True
9e940e15-bf1a-4b41-a36a-a07c3628f3b2,"Dyer, John",JDyer_kforce.com#EXT#@Kforceinternational.onmicrosoft.com,Member,,"[{""signInType"":""federated"",""issuer"":""ExternalAzureAD"",""issuerAssignedId"":null},{""signInType"":""userPrincipalName"",""issuer"":""Kforceinternational.onmicrosoft.com"",""issuerAssignedId"":""JDyer_kforce.com#EXT#@Kforceinternational.onmicrosoft.com""}]",,Invitation,,JDyer@kforce.com,VP Internal Audit,True
a149ed99-b64c-4661-842a-44fe8cba4d23,"Early, Crystal",CEarly_kforce.com#EXT#@Kforceinternational.onmicrosoft.com,Member,,"[{""signInType"":""federated"",""issuer"":""ExternalAzureAD"",""issuerAssignedId"":null},{""signInType"":""userPrincipalName"",""issuer"":""Kforceinternational.onmicrosoft.com"",""issuerAssignedId"":""CEarly_kforce.com#EXT#@Kforceinternational.onmicrosoft.com""}]",,Invitation,,CEarly@kforce.com,Sr Dir Comm & Recognition,True
72b18fca-310f-4fdf-8c7a-8da387098d04,"Ehlinger, Ashley",aehlinger_kforce.com#EXT#@Kforceinternational.onmicrosoft.com,Member,,"[{""signInType"":""federated"",""issuer"":""ExternalAzureAD"",""issuerAssignedId"":null},{""signInType"":""userPrincipalName"",""issuer"":""Kforceinternational.onmicrosoft.com"",""issuerAssignedId"":""aehlinger_kforce.com#EXT#@Kforceinternational.onmicrosoft.com""}]",,Invitation,,aehlinger@kforce.com,Sr Dir Learn & Sales Mkting,True
91924941-4b6c-45e7-a95b-421507d417a6,"Eisenberg, Cassie",CEisenberg_kforce.com#EXT#@Kforceinternational.onmicrosoft.com,Member,,"[{""signInType"":""federated"",""issuer"":""ExternalAzureAD"",""issuerAssignedId"":null},{""signInType"":""userPrincipalName"",""issuer"":""Kforceinternational.onmicrosoft.com"",""issuerAssignedId"":""CEisenberg_kforce.com#EXT#@Kforceinternational.onmicrosoft.com""}]",,Invitation,,CEisenberg@kforce.com,Talent Associate ISS,True
923e3a84-bc4d-4572-8d1a-ec1e9e9eddbc,Eknath Dhas,eknath.dhas@kforce.co.in,Member,,"[{""signInType"":""userPrincipalName"",""issuer"":""Kforceinternational.onmicrosoft.com"",""issuerAssignedId"":""eknath.dhas@kforce.co.in""}]",KnowledgeForce India,,+91 7028103561,eknath.dhas@kforce.co.in,DATA ENGINEER,True
eb92f8e4-f2e9-451f-a5d8-1fa6ff250f2c,Epoch G1uardian,epochG1uardian@Kforceinternational.onmicrosoft.com,Member,,"[{""signInType"":""userPrincipalName"",""issuer"":""Kforceinternational.onmicrosoft.com"",""issuerAssignedId"":""epochG1uardian@Kforceinternational.onmicrosoft.com""}]",,,,,,False
ae7d23a7-d5b1-4f1e-8565-ff8443bca79a,"Estrada, Christian",CEstrada_kforce.com#EXT#@Kforceinternational.onmicrosoft.com,Member,,"[{""signInType"":""federated"",""issuer"":""ExternalAzureAD"",""issuerAssignedId"":null},{""signInType"":""userPrincipalName"",""issuer"":""Kforceinternational.onmicrosoft.com"",""issuerAssignedId"":""CEstrada_kforce.com#EXT#@Kforceinternational.onmicrosoft.com""}]",,Invitation,,CEstrada@kforce.com,IT Site Reliability Engineer,True
19a9f966-6d6f-4e02-a050-afd502b543a3,Executive Office,mtr-pune-01@Kforceinternational.onmicrosoft.com,Member,,"[{""signInType"":""userPrincipalName"",""issuer"":""Kforceinternational.onmicrosoft.com"",""issuerAssignedId"":""mtr-pune-01@Kforceinternational.onmicrosoft.com""}]",,,,mtr-pune-01@Kforceinternational.onmicrosoft.com,,True
eed08009-47ea-4dc1-b836-8d2cad45bd84,Facility Access,facilityaccess@kforce.co.in,Member,,"[{""signInType"":""userPrincipalName"",""issuer"":""Kforceinternational.onmicrosoft.com"",""issuerAssignedId"":""facilityaccess@kforce.co.in""}]",,,,facilityaccess@kforce.co.in,,False
cccb5482-2a18-4aef-b186-86b4c9f54638,"Fryer, Patrick",pfryer2_kforce.com#EXT#@Kforceinternational.onmicrosoft.com,Member,,"[{""signInType"":""federated"",""issuer"":""ExternalAzureAD"",""issuerAssignedId"":null},{""signInType"":""userPrincipalName"",""issuer"":""Kforceinternational.onmicrosoft.com"",""issuerAssignedId"":""pfryer2_kforce.com#EXT#@Kforceinternational.onmicrosoft.com""}]",,Invitation,,pfryer2@kforce.com,Lead IT Workplace Engineer,True
9f4a4f3c-d455-4180-8277-711f2d1cc06e,"Fryer, Patrick - Q",Q-PFRYER2_kforce.com#EXT#@Kforceinternational.onmicrosoft.com,Member,,"[{""signInType"":""federated"",""issuer"":""ExternalAzureAD"",""issuerAssignedId"":null},{""signInType"":""userPrincipalName"",""issuer"":""Kforceinternational.onmicrosoft.com"",""issuerAssignedId"":""Q-PFRYER2_kforce.com#EXT#@Kforceinternational.onmicrosoft.com""}]",,Invitation,,Q-PFRYER2@kforce.com,,True
50c68b1f-f0a9-487c-a906-a3894f6508f8,GA-ABehrens,GA-ABehrens@Kforceinternational.onmicrosoft.com,Member,,"[{""signInType"":""userPrincipalName"",""issuer"":""Kforceinternational.onmicrosoft.com"",""issuerAssignedId"":""GA-ABehrens@Kforceinternational.onmicrosoft.com""}]",,,,,,True
7cbc3e4f-8819-4c2c-802f-5892e21323cf,GA-CEstrada,GA-CEstrada@Kforceinternational.onmicrosoft.com,Member,,"[{""signInType"":""userPrincipalName"",""issuer"":""Kforceinternational.onmicrosoft.com"",""issuerAssignedId"":""GA-CEstrada@Kforceinternational.onmicrosoft.com""}]",,,,GA-CEstrada@Kforceinternational.onmicrosoft.com,,True
a0feced1-0c53-43ef-9cb8-be9d762f34d6,GA-CGondi,GA-CGondi@Kforceinternational.onmicrosoft.com,Member,,"[{""signInType"":""userPrincipalName"",""issuer"":""Kforceinternational.onmicrosoft.com"",""issuerAssignedId"":""GA-CGondi@Kforceinternational.onmicrosoft.com""}]",,,,GA-CGondi@Kforceinternational.onmicrosoft.com,,True
352fd61e-8833-4354-a6ce-1c28868599d6,GA-EDunlap,GA-EDunlap@Kforceinternational.onmicrosoft.com,Member,,"[{""signInType"":""userPrincipalName"",""issuer"":""Kforceinternational.onmicrosoft.com"",""issuerAssignedId"":""GA-EDunlap@Kforceinternational.onmicrosoft.com""}]",,,,GA-EDunlap@Kforceinternational.onmicrosoft.com,,True
fab9a640-2893-431f-9166-f8cbf169492d,GA-PFryer,GA-PFryer@Kforceinternational.onmicrosoft.com,Member,,"[{""signInType"":""userPrincipalName"",""issuer"":""Kforceinternational.onmicrosoft.com"",""issuerAssignedId"":""GA-PFryer@Kforceinternational.onmicrosoft.com""}]",,,,GA-PFryer@Kforceinternational.onmicrosoft.com,,True
73881d3d-64f2-40a5-a215-747f72933b8b,"Galarza, William",WGalarza_kforce.com#EXT#@Kforceinternational.onmicrosoft.com,Member,,"[{""signInType"":""federated"",""issuer"":""ExternalAzureAD"",""issuerAssignedId"":null},{""signInType"":""userPrincipalName"",""issuer"":""Kforceinternational.onmicrosoft.com"",""issuerAssignedId"":""WGalarza_kforce.com#EXT#@Kforceinternational.onmicrosoft.com""}]",,Invitation,,WGalarza@kforce.com,Sr IT Systems Engineer,True
e4f19505-d784-4c86-ae78-c7508006e7ec,Ganesh Patil,ganesh.patil@kforce.co.in,Member,,"[{""signInType"":""userPrincipalName"",""issuer"":""Kforceinternational.onmicrosoft.com"",""issuerAssignedId"":""ganesh.patil@kforce.co.in""}]",KnowledgeForce India,,+91 9529601442,ganesh.patil@kforce.co.in,AI ENGINEER,True
ece87bf3-0e4f-4699-b517-031a44c36ab2,"Garcia, Lucy",LGarcia5_kforce.com#EXT#@Kforceinternational.onmicrosoft.com,Member,,"[{""signInType"":""federated"",""issuer"":""ExternalAzureAD"",""issuerAssignedId"":null},{""signInType"":""userPrincipalName"",""issuer"":""Kforceinternational.onmicrosoft.com"",""issuerAssignedId"":""LGarcia5_kforce.com#EXT#@Kforceinternational.onmicrosoft.com""}]",,Invitation,,LGarcia5@kforce.com,Talent Executive ISS,True
017327f9-de4f-4ceb-8a82-f9c54338ab40,Gemma Burman,gemma.burman@kforce.co.in,Member,,"[{""signInType"":""userPrincipalName"",""issuer"":""Kforceinternational.onmicrosoft.com"",""issuerAssignedId"":""gemma.burman@kforce.co.in""}]",KnowledgeForce India,,+91 9845244684,gemma.burman@kforce.co.in,Consultant - Hpi Engineering,True
3986dcf0-73a6-4518-b08e-61abcd77fd22,"George, Drew",dgeorge_kforce.com#EXT#@Kforceinternational.onmicrosoft.com,Member,,"[{""signInType"":""federated"",""issuer"":""ExternalAzureAD"",""issuerAssignedId"":null},{""signInType"":""userPrincipalName"",""issuer"":""Kforceinternational.onmicrosoft.com"",""issuerAssignedId"":""dgeorge_kforce.com#EXT#@Kforceinternational.onmicrosoft.com""}]",,Invitation,,dgeorge@kforce.com,MM Principal Client Exec,True
a3a82231-358f-490e-b29d-9aae7c1440c3,"Gondi, Christopher",cgondi_kforce.com#EXT#@Kforceinternational.onmicrosoft.com,Member,,"[{""signInType"":""federated"",""issuer"":""ExternalAzureAD"",""issuerAssignedId"":null},{""signInType"":""userPrincipalName"",""issuer"":""Kforceinternational.onmicrosoft.com"",""issuerAssignedId"":""cgondi_kforce.com#EXT#@Kforceinternational.onmicrosoft.com""}]",,Invitation,,cgondi@kforce.com,Lead IT Systems Engineer,True
169bdd63-381c-4278-837e-4f3ded872184,"Goodrich, Christy",CGoodrich_kforce.com#EXT#@Kforceinternational.onmicrosoft.com,Member,,"[{""signInType"":""federated"",""issuer"":""ExternalAzureAD"",""issuerAssignedId"":null},{""signInType"":""userPrincipalName"",""issuer"":""Kforceinternational.onmicrosoft.com"",""issuerAssignedId"":""CGoodrich_kforce.com#EXT#@Kforceinternational.onmicrosoft.com""}]",,Invitation,,CGoodrich@kforce.com,Dir Enterprise Svcs Tal Del,True
c7709011-721b-4d2e-8568-bb05e41d7a82,"Gormley, Jaki",jhale_kforce.com#EXT#@Kforceinternational.onmicrosoft.com,Member,,"[{""signInType"":""federated"",""issuer"":""ExternalAzureAD"",""issuerAssignedId"":null},{""signInType"":""userPrincipalName"",""issuer"":""Kforceinternational.onmicrosoft.com"",""issuerAssignedId"":""jhale_kforce.com#EXT#@Kforceinternational.onmicrosoft.com""}]",,Invitation,,jhale@kforce.com,Dir Creative Services,True
c1260bdf-9b7e-412f-950c-e8ec7fec2c16,"Gunnoe, Sana",SGunnoe_kforce.com#EXT#@Kforceinternational.onmicrosoft.com,Member,,"[{""signInType"":""federated"",""issuer"":""ExternalAzureAD"",""issuerAssignedId"":null},{""signInType"":""userPrincipalName"",""issuer"":""Kforceinternational.onmicrosoft.com"",""issuerAssignedId"":""SGunnoe_kforce.com#EXT#@Kforceinternational.onmicrosoft.com""}]",,Invitation,,SGunnoe@kforce.com,Strategic Talent Executive ISS,True
fb1fb2ec-cfb9-485b-ade5-7867ef00c202,"Hammontree, Katherine",KWoss_kforce.com#EXT#@Kforceinternational.onmicrosoft.com,Member,,"[{""signInType"":""federated"",""issuer"":""ExternalAzureAD"",""issuerAssignedId"":null},{""signInType"":""userPrincipalName"",""issuer"":""Kforceinternational.onmicrosoft.com"",""issuerAssignedId"":""KWoss_kforce.com#EXT#@Kforceinternational.onmicrosoft.com""}]",,Invitation,,KHammontree@kforce.com,Mgr Talent Acquisition ITS,True
e8ce2ac9-0bcc-4932-84e3-e76a6630f761,Harinder Singh,harinder.singh@kforce.co.in,Member,,"[{""signInType"":""userPrincipalName"",""issuer"":""Kforceinternational.onmicrosoft.com"",""issuerAssignedId"":""harinder.singh@kforce.co.in""}]",KnowledgeForce India,,+91 7042060406,harinder.singh@kforce.co.in,Project Manager,True
35bfbfb7-b254-4b7e-87b1-47ef5faf9d1b,Harsh Bandarkar,harsh.bandarkar@kforce.co.in,Member,,"[{""signInType"":""userPrincipalName"",""issuer"":""Kforceinternational.onmicrosoft.com"",""issuerAssignedId"":""harsh.bandarkar@kforce.co.in""}]",Innovalus,,+91 8459069261,harsh.bandarkar@kforce.co.in,IT Recruiter,True
efc1fa16-bf7f-409c-bfc5-c5a65bfefd25,Harsh Master,harsh.master@kforce.co.in,Member,,"[{""signInType"":""userPrincipalName"",""issuer"":""Kforceinternational.onmicrosoft.com"",""issuerAssignedId"":""harsh.master@kforce.co.in""}]",KnowledgeForce India,,9714881000,harsh.master@kforce.co.in,Associate Data Scientist,True
d4cb5f90-23a3-4902-84d4-3bcda3fc08c8,Harshad Rajpure,harshad.rajpure@kforce.co.in,Member,,"[{""signInType"":""userPrincipalName"",""issuer"":""Kforceinternational.onmicrosoft.com"",""issuerAssignedId"":""harshad.rajpure@kforce.co.in""}]",KnowledgeForce India,,+91 7741999296,harshad.rajpure@kforce.co.in,It Recruiter,True
9ce11e49-a58d-4a16-b442-0ffe9dae3831,Harshada More,harshada.more@kforce.co.in,Member,,"[{""signInType"":""userPrincipalName"",""issuer"":""Kforceinternational.onmicrosoft.com"",""issuerAssignedId"":""harshada.more@kforce.co.in""}]",KnowledgeForce India,,+91 9021831823,harshada.more@kforce.co.in,Knowledgeforce ISS Talent Associate,True
2eadeb49-de73-4197-9b0c-32f89b53b28b,"Hartnett, Shelly",shartnett_kforce.com#EXT#@Kforceinternational.onmicrosoft.com,Member,,"[{""signInType"":""federated"",""issuer"":""ExternalAzureAD"",""issuerAssignedId"":null},{""signInType"":""userPrincipalName"",""issuer"":""Kforceinternational.onmicrosoft.com"",""issuerAssignedId"":""shartnett_kforce.com#EXT#@Kforceinternational.onmicrosoft.com""}]",,Invitation,,shartnett@kforce.com,Sr Project Mgr,True
a904fd9a-e1ee-4d36-9288-3d3204a20545,"Harville, Kristin",KHarville_kforce.com#EXT#@Kforceinternational.onmicrosoft.com,Member,,"[{""signInType"":""federated"",""issuer"":""ExternalAzureAD"",""issuerAssignedId"":null},{""signInType"":""userPrincipalName"",""issuer"":""Kforceinternational.onmicrosoft.com"",""issuerAssignedId"":""KHarville_kforce.com#EXT#@Kforceinternational.onmicrosoft.com""}]",,Invitation,,KHarville@kforce.com,Talent Associate ISS,True
457a99ef-8348-487b-8116-d5e22ca421b4,Hemalatha Rapa,hemalatha.rapa@kforce.co.in,Member,,"[{""signInType"":""userPrincipalName"",""issuer"":""Kforceinternational.onmicrosoft.com"",""issuerAssignedId"":""hemalatha.rapa@kforce.co.in""}]",KnowledgeForce India,,+001 5035479836,hemalatha.rapa@kforce.co.in,Expert Data Engineer,True
2b41a359-0240-4818-8d15-6378e8120617,Hemant Gupta,hemant.gupta@kforce.co.in,Member,,"[{""signInType"":""userPrincipalName"",""issuer"":""Kforceinternational.onmicrosoft.com"",""issuerAssignedId"":""hemant.gupta@kforce.co.in""}]",KnowledgeForce India,,+91 9694406454,hemant.gupta@kforce.co.in,Technical Lead - Aws Connect Engineer,True
df2c4897-7ce7-4d7b-9890-c42d2d96c812,"Hennessy, Sean",SHennessy_kforce.com#EXT#@Kforceinternational.onmicrosoft.com,Member,,"[{""signInType"":""federated"",""issuer"":""ExternalAzureAD"",""issuerAssignedId"":null},{""signInType"":""userPrincipalName"",""issuer"":""Kforceinternational.onmicrosoft.com"",""issuerAssignedId"":""SHennessy_kforce.com#EXT#@Kforceinternational.onmicrosoft.com""}]",,Invitation,,SHennessy@kforce.com,ITS Resource Manager,True
71715004-f969-41c3-b0c6-821a2e99ed3e,"Heramb, Joshua",JHERAMB_kforce.com#EXT#@Kforceinternational.onmicrosoft.com,Member,,"[{""signInType"":""federated"",""issuer"":""ExternalAzureAD"",""issuerAssignedId"":null},{""signInType"":""userPrincipalName"",""issuer"":""Kforceinternational.onmicrosoft.com"",""issuerAssignedId"":""JHERAMB_kforce.com#EXT#@Kforceinternational.onmicrosoft.com""}]",,Invitation,,JHERAMB@kforce.com,Sr IT Prod Support Specialist,True
c77307f1-8b8a-42ea-ae84-cbf51f92337f,"Hewitt, Roshane",rhewitt_kforce.com#EXT#@Kforceinternational.onmicrosoft.com,Member,,"[{""signInType"":""federated"",""issuer"":""ExternalAzureAD"",""issuerAssignedId"":null},{""signInType"":""userPrincipalName"",""issuer"":""Kforceinternational.onmicrosoft.com"",""issuerAssignedId"":""rhewitt_kforce.com#EXT#@Kforceinternational.onmicrosoft.com""}]",,Invitation,,rhewitt@kforce.com,Dir Talent Acquisition ITS,True
15d12d60-dbb7-4ac5-ba4c-78897aa8dfc9,"Hill, Brian - Q",Q-BHill_kforce.com#EXT#@Kforceinternational.onmicrosoft.com,Member,,"[{""signInType"":""federated"",""issuer"":""ExternalAzureAD"",""issuerAssignedId"":null},{""signInType"":""userPrincipalName"",""issuer"":""Kforceinternational.onmicrosoft.com"",""issuerAssignedId"":""Q-BHill_kforce.com#EXT#@Kforceinternational.onmicrosoft.com""}]",,Invitation,,Q-BHill@kforce.com,,True
53cdc8b6-de55-472a-8a08-1cb8581efbd1,"Honoret, Roussel",RHonoret_kforce.com#EXT#@Kforceinternational.onmicrosoft.com,Member,,"[{""signInType"":""federated"",""issuer"":""ExternalAzureAD"",""issuerAssignedId"":null},{""signInType"":""userPrincipalName"",""issuer"":""Kforceinternational.onmicrosoft.com"",""issuerAssignedId"":""RHonoret_kforce.com#EXT#@Kforceinternational.onmicrosoft.com""}]",,Invitation,,RHonoret@kforce.com,Talent Executive ISS,True
e080b975-b3b7-40f0-92d1-4aaf3c4c81f0,"Hoobler, Ansley",AHoobler_kforce.com#EXT#@Kforceinternational.onmicrosoft.com,Member,,"[{""signInType"":""federated"",""issuer"":""ExternalAzureAD"",""issuerAssignedId"":null},{""signInType"":""userPrincipalName"",""issuer"":""Kforceinternational.onmicrosoft.com"",""issuerAssignedId"":""AHoobler_kforce.com#EXT#@Kforceinternational.onmicrosoft.com""}]",,Invitation,,AHoobler@kforce.com,Talent Associate ISS,True
fe69cfe4-fbda-4203-9a7a-528d961743ba,HR India,hrindia.in@kforce.co.in,Member,,"[{""signInType"":""userPrincipalName"",""issuer"":""Kforceinternational.onmicrosoft.com"",""issuerAssignedId"":""hrindia.in@kforce.co.in""}]",,,,hrindia.in@kforce.co.in,,False
fe87e177-7965-4060-943e-7aaf166d5d92,"Hunsaker, Lauren",lhunsaker_kforce.com#EXT#@Kforceinternational.onmicrosoft.com,Member,,"[{""signInType"":""federated"",""issuer"":""ExternalAzureAD"",""issuerAssignedId"":null},{""signInType"":""userPrincipalName"",""issuer"":""Kforceinternational.onmicrosoft.com"",""issuerAssignedId"":""lhunsaker_kforce.com#EXT#@Kforceinternational.onmicrosoft.com""}]",,Invitation,,lhunsaker@kforce.com,Sr Business Operations Analyst,True
7768b7fd-ceab-45e5-abe3-2845a4a4d087,Ibtisham Khan,ibtisham.khan@kforce.co.in,Member,,"[{""signInType"":""userPrincipalName"",""issuer"":""Kforceinternational.onmicrosoft.com"",""issuerAssignedId"":""ibtisham.khan@kforce.co.in""}]",KnowledgeForce India,,7225029920,ibtisham.khan@kforce.co.in,Data Visualization Engineer,True
32b89634-ac26-4d50-a630-1b956f6d05bc,Ishika Dewangan,ishika.dewangan@kforce.co.in,Member,,"[{""signInType"":""userPrincipalName"",""issuer"":""Kforceinternational.onmicrosoft.com"",""issuerAssignedId"":""ishika.dewangan@kforce.co.in""}]",KnowledgeForce India,,+91 6260038655,ishika.dewangan@kforce.co.in,Knowledgeforce VSD Talent Associate,True
8b2ec0e2-72fd-42a2-9f69-be3875658a50,Ishita Jain,ishita.jain@kforce.co.in,Member,,"[{""signInType"":""userPrincipalName"",""issuer"":""Kforceinternational.onmicrosoft.com"",""issuerAssignedId"":""ishita.jain@kforce.co.in""}]",KnowledgeForce India,,+91 8880698098,ishita.jain@kforce.co.in,Knowledgeforce ISS Talent Associate,True
899f1374-9938-47d5-95f3-795ac57f3918,"Jackson, Amy",AJackson3_kforce.com#EXT#@Kforceinternational.onmicrosoft.com,Member,,"[{""signInType"":""federated"",""issuer"":""ExternalAzureAD"",""issuerAssignedId"":null},{""signInType"":""userPrincipalName"",""issuer"":""Kforceinternational.onmicrosoft.com"",""issuerAssignedId"":""AJackson3_kforce.com#EXT#@Kforceinternational.onmicrosoft.com""}]",,Invitation,,AJackson3@kforce.com,Sr Mgr Consult Resource Mgmt,True
328fb4a0-c088-4756-a4c2-bf1d363f7c0b,"Jacobs, Jermaine",JJacobs_kforce.com#EXT#@Kforceinternational.onmicrosoft.com,Member,,"[{""signInType"":""federated"",""issuer"":""ExternalAzureAD"",""issuerAssignedId"":null},{""signInType"":""userPrincipalName"",""issuer"":""Kforceinternational.onmicrosoft.com"",""issuerAssignedId"":""JJacobs_kforce.com#EXT#@Kforceinternational.onmicrosoft.com""}]",,Invitation,,JJacobs@kforce.com,Senior Talent Executive VSD,True
4770a6a4-1d1d-44d2-a42c-2f782dac41bf,Jaideep Panchal,jaideep.panchal@kforce.co.in,Member,,"[{""signInType"":""userPrincipalName"",""issuer"":""Kforceinternational.onmicrosoft.com"",""issuerAssignedId"":""jaideep.panchal@kforce.co.in""}]",KnowledgeForce India,,9810244101,jaideep.panchal@kforce.co.in,Expert Data Engineer,True
f430a57e-46aa-46b2-ac99-20ba56a46562,"Janjanam, Sunandini",SJanjanam_kforce.com#EXT#@Kforceinternational.onmicrosoft.com,Member,,"[{""signInType"":""federated"",""issuer"":""ExternalAzureAD"",""issuerAssignedId"":null},{""signInType"":""userPrincipalName"",""issuer"":""Kforceinternational.onmicrosoft.com"",""issuerAssignedId"":""SJanjanam_kforce.com#EXT#@Kforceinternational.onmicrosoft.com""}]",,Invitation,,SJanjanam@kforce.com,Talent Associate ISS,True
d44668c0-22f9-4182-917e-2f640f4ac920,Jay Thombare,jay.thombare@kforce.co.in,Member,,"[{""signInType"":""userPrincipalName"",""issuer"":""Kforceinternational.onmicrosoft.com"",""issuerAssignedId"":""jay.thombare@kforce.co.in""}]",KnowledgeForce India,,,jay.thombare@kforce.co.in,Knowledgeforce ISS Talent Associate,True
d38d28c1-c9be-49c9-b668-ab49f6435e4c,Jedidiah Bell,jbell2@Kforceinternational.onmicrosoft.com,Member,,"[{""signInType"":""userPrincipalName"",""issuer"":""Kforceinternational.onmicrosoft.com"",""issuerAssignedId"":""jbell2@Kforceinternational.onmicrosoft.com""}]",Kforce Services Corp,,,,Sr IT User Supp Spec Infra,True
dd971c84-cf36-420b-97f4-077d4e707e31,Jeevana Kothapalli,jeevana.kothapalli@kforce.co.in,Member,,"[{""signInType"":""userPrincipalName"",""issuer"":""Kforceinternational.onmicrosoft.com"",""issuerAssignedId"":""jeevana.kothapalli@kforce.co.in""}]",KnowledgeForce India,,+91 791989451666,jeevana.kothapalli@kforce.co.in,Senior Data Engineer,True
f5b674b9-9bc8-4ae1-8bef-5dc76360d859,"Johnson, Monica",mjohnson4_kforce.com#EXT#@Kforceinternational.onmicrosoft.com,Member,,"[{""signInType"":""federated"",""issuer"":""ExternalAzureAD"",""issuerAssignedId"":null},{""signInType"":""userPrincipalName"",""issuer"":""Kforceinternational.onmicrosoft.com"",""issuerAssignedId"":""mjohnson4_kforce.com#EXT#@Kforceinternational.onmicrosoft.com""}]",,Invitation,,mjohnson4@kforce.com,Sr Dir Assc General Counsel,True
4f7cd31c-32ee-46ab-8584-0621b298c3df,Joshua Heramb,jheramb@Kforceinternational.onmicrosoft.com,Member,,"[{""signInType"":""userPrincipalName"",""issuer"":""Kforceinternational.onmicrosoft.com"",""issuerAssignedId"":""jheramb@Kforceinternational.onmicrosoft.com""}]",,,,,Sr IT Prod Support Specialist,True
95bb3d89-b976-4ff2-82a0-713e3e3f01f0,"Joyce, Kristina",KJoyce_kforce.com#EXT#@Kforceinternational.onmicrosoft.com,Member,,"[{""signInType"":""federated"",""issuer"":""ExternalAzureAD"",""issuerAssignedId"":null},{""signInType"":""userPrincipalName"",""issuer"":""Kforceinternational.onmicrosoft.com"",""issuerAssignedId"":""KJoyce_kforce.com#EXT#@Kforceinternational.onmicrosoft.com""}]",,Invitation,,KJoyce@kforce.com,ITS Resource Manager,True
166dd14c-eba0-44ed-9ccc-db8f241650c7,"Kabir, Salman",SKabir_kforce.com#EXT#@Kforceinternational.onmicrosoft.com,Member,,"[{""signInType"":""federated"",""issuer"":""ExternalAzureAD"",""issuerAssignedId"":null},{""signInType"":""userPrincipalName"",""issuer"":""Kforceinternational.onmicrosoft.com"",""issuerAssignedId"":""SKabir_kforce.com#EXT#@Kforceinternational.onmicrosoft.com""}]",,Invitation,,SKabir@kforce.com,Manager Solutions Delivery,True
9808977e-fc19-4efe-83b3-69732501be59,Kalpana Shinde,kalpana.shinde@kforce.co.in,Member,,"[{""signInType"":""userPrincipalName"",""issuer"":""Kforceinternational.onmicrosoft.com"",""issuerAssignedId"":""kalpana.shinde@kforce.co.in""}]",KnowledgeForce India,,+91 9975851205,kalpana.shinde@kforce.co.in,QUALITY ASSURANCE ENGINEER,True
75258f80-fc8c-4127-b7af-3ef636a7703d,Kanish Malviya,kanish.malviya@kforce.co.in,Member,,"[{""signInType"":""userPrincipalName"",""issuer"":""Kforceinternational.onmicrosoft.com"",""issuerAssignedId"":""kanish.malviya@kforce.co.in""}]",KnowledgeForce India,,+919689565691,kanish.malviya@kforce.co.in,Senior Full Stack Engineer - AI and Agentic Applications Development,True
ab37f842-3b6f-4ec8-968c-b1de4287f851,Kannan Sankarganesh,kannan.sankarganesh@kforce.co.in,Member,,"[{""signInType"":""userPrincipalName"",""issuer"":""Kforceinternational.onmicrosoft.com"",""issuerAssignedId"":""kannan.sankarganesh@kforce.co.in""}]",KnowledgeForce India,,+91 9894555070,kannan.sankarganesh@kforce.co.in,AWS Connect Architect,True
94877265-dd2d-4ca8-9df3-527f0a91616e,Kapil Varadharajan,kapil.varadharajan@kforce.co.in,Member,,"[{""signInType"":""userPrincipalName"",""issuer"":""Kforceinternational.onmicrosoft.com"",""issuerAssignedId"":""kapil.varadharajan@kforce.co.in""}]",KnowledgeForce India,,+91 9819289303,kapil.varadharajan@kforce.co.in,Recruitment Manager,True
e3e00107-7528-48f4-a618-bb74c4c8a437,Karan Doke,karan.doke@kforce.co.in,Member,,"[{""signInType"":""userPrincipalName"",""issuer"":""Kforceinternational.onmicrosoft.com"",""issuerAssignedId"":""karan.doke@kforce.co.in""}]",KnowledgeForce India,,+91 7776045523,karan.doke@kforce.co.in,Senior Data Ops Engineer,True
b4c3aa5e-4d3f-4d67-88b2-63f6ec206703,Karthik Narayanaswamy,karthik.narayanaswamy@kforce.co.in,Member,,"[{""signInType"":""userPrincipalName"",""issuer"":""Kforceinternational.onmicrosoft.com"",""issuerAssignedId"":""karthik.narayanaswamy@kforce.co.in""}]",KnowledgeForce India,,+919789874453,karthik.narayanaswamy@kforce.co.in,Lead Data Engineer,True
abff9edf-36cb-46e1-abc7-baa8ee7db85b,kfqatest2Online,kfqatest2online_kforce.com#EXT#@Kforceinternational.onmicrosoft.com,Guest,,"[{""signInType"":""federated"",""issuer"":""ExternalAzureAD"",""issuerAssignedId"":null},{""signInType"":""userPrincipalName"",""issuer"":""Kforceinternational.onmicrosoft.com"",""issuerAssignedId"":""kfqatest2online_kforce.com#EXT#@Kforceinternational.onmicrosoft.com""}]",,Invitation,,kfqatest2online@kforce.com,,True
041f366b-68d1-4a2c-9b16-35b3856f8e9a,Kiran Kamble,kiran.kamble@kforce.co.in,Member,,"[{""signInType"":""userPrincipalName"",""issuer"":""Kforceinternational.onmicrosoft.com"",""issuerAssignedId"":""kiran.kamble@kforce.co.in""}]",KnowledgeForce India,,+91 9552978508,kiran.kamble@kforce.co.in,Infrastructure Project Manager,True
53c74ad2-ae9f-4f39-928b-5ee0198c6dbc,"Kissel, Brian",BKissel_kforce.com#EXT#@Kforceinternational.onmicrosoft.com,Member,,"[{""signInType"":""federated"",""issuer"":""ExternalAzureAD"",""issuerAssignedId"":null},{""signInType"":""userPrincipalName"",""issuer"":""Kforceinternational.onmicrosoft.com"",""issuerAssignedId"":""BKissel_kforce.com#EXT#@Kforceinternational.onmicrosoft.com""}]",,Invitation,,BKissel@kforce.com,Talent Executive VSD,True
bbb17fda-6d52-4714-8a18-cc3469b02523,Knowledgeforce Job Descriptions,KnowledgeforceJDs@kforce.co.in,Member,,"[{""signInType"":""userPrincipalName"",""issuer"":""Kforceinternational.onmicrosoft.com"",""issuerAssignedId"":""KnowledgeforceJDs@kforce.co.in""}]",,,,KnowledgeforceJDs@kforce.co.in,,False
4e9eb2bf-0f63-41b4-b9e2-32e306131b30,Konika Thakre,konika.thakre@kforce.co.in,Member,,"[{""signInType"":""userPrincipalName"",""issuer"":""Kforceinternational.onmicrosoft.com"",""issuerAssignedId"":""konika.thakre@kforce.co.in""}]",KnowledgeForce India,,6266850472,konika.thakre@kforce.co.in,Devops Engineer,True
61f58bee-f85c-4e9b-b442-c0ee8d00f85f,"Koplin, Madison",MKoplin_kforce.com#EXT#@Kforceinternational.onmicrosoft.com,Member,,"[{""signInType"":""federated"",""issuer"":""ExternalAzureAD"",""issuerAssignedId"":null},{""signInType"":""userPrincipalName"",""issuer"":""Kforceinternational.onmicrosoft.com"",""issuerAssignedId"":""MKoplin_kforce.com#EXT#@Kforceinternational.onmicrosoft.com""}]",,Invitation,,MKoplin@kforce.com,Talent Associate ISS,True
5eab9d3b-b482-4619-a29f-0b980a8e9a89,"Kradenpoth, Hannah",HKradenpoth_kforce.com#EXT#@Kforceinternational.onmicrosoft.com,Member,,"[{""signInType"":""federated"",""issuer"":""ExternalAzureAD"",""issuerAssignedId"":null},{""signInType"":""userPrincipalName"",""issuer"":""Kforceinternational.onmicrosoft.com"",""issuerAssignedId"":""HKradenpoth_kforce.com#EXT#@Kforceinternational.onmicrosoft.com""}]",,Invitation,,HKradenpoth@kforce.com,Mng Dir Enterp Svcs Tal Del,True
d6fe5e7b-9e49-4a07-83de-d39e7b85c107,"Kriston, Selena",skriston_kforce.com#EXT#@Kforceinternational.onmicrosoft.com,Member,,"[{""signInType"":""federated"",""issuer"":""ExternalAzureAD"",""issuerAssignedId"":null},{""signInType"":""userPrincipalName"",""issuer"":""Kforceinternational.onmicrosoft.com"",""issuerAssignedId"":""skriston_kforce.com#EXT#@Kforceinternational.onmicrosoft.com""}]",,Invitation,,skriston@kforce.com,Mgr Talent Acquisition ITS,True
e715d14d-b991-46f3-9586-eb0cc01a89d6,Kumar Vikas,kumar.vikas@kforce.co.in,Member,,"[{""signInType"":""userPrincipalName"",""issuer"":""Kforceinternational.onmicrosoft.com"",""issuerAssignedId"":""kumar.vikas@kforce.co.in""}]",KnowledgeForce India,,+91 8102240804,kumar.vikas@kforce.co.in,Senior Data Engineer,True
f03ebbc7-2754-41e2-95d2-86a152d3bbe2,"Lantieri, Angelina",ALantieri_kforce.com#EXT#@Kforceinternational.onmicrosoft.com,Member,,"[{""signInType"":""federated"",""issuer"":""ExternalAzureAD"",""issuerAssignedId"":null},{""signInType"":""userPrincipalName"",""issuer"":""Kforceinternational.onmicrosoft.com"",""issuerAssignedId"":""ALantieri_kforce.com#EXT#@Kforceinternational.onmicrosoft.com""}]",,Invitation,,ALantieri@kforce.com,Talent Executive VSD,True
c9691257-72d2-42ef-881e-1c0917bbce17,"Laurens, Robert",rlaurens_kforce.com#EXT#@Kforceinternational.onmicrosoft.com,Member,,"[{""signInType"":""federated"",""issuer"":""ExternalAzureAD"",""issuerAssignedId"":null},{""signInType"":""userPrincipalName"",""issuer"":""Kforceinternational.onmicrosoft.com"",""issuerAssignedId"":""rlaurens_kforce.com#EXT#@Kforceinternational.onmicrosoft.com""}]",,Invitation,,rlaurens@kforce.com,Principal Ent Program Manager,True
85aff26a-7059-4392-9be2-d6e7b335187e,Lavu Priya,lavu.priya@kforce.co.in,Member,,"[{""signInType"":""userPrincipalName"",""issuer"":""Kforceinternational.onmicrosoft.com"",""issuerAssignedId"":""lavu.priya@kforce.co.in""}]",KnowledgeForce India,,+917036242180,lavu.priya@kforce.co.in,Data Engineer,True
7e07c370-7559-4b6a-a609-9d11e4fd03a7,"Lay, Mattison",MLay_kforce.com#EXT#@Kforceinternational.onmicrosoft.com,Member,,"[{""signInType"":""federated"",""issuer"":""ExternalAzureAD"",""issuerAssignedId"":null},{""signInType"":""userPrincipalName"",""issuer"":""Kforceinternational.onmicrosoft.com"",""issuerAssignedId"":""MLay_kforce.com#EXT#@Kforceinternational.onmicrosoft.com""}]",,Invitation,,MLay@kforce.com,Sr Project Mgr Change Mgmt,True
d8af0dc6-83b3-43ad-a565-d86bebc92e3a,Legal,legal@kforce.co.in,Member,,"[{""signInType"":""userPrincipalName"",""issuer"":""Kforceinternational.onmicrosoft.com"",""issuerAssignedId"":""legal@kforce.co.in""}]",,,,legal@kforce.co.in,,False
ab428d7e-493e-48e8-a5df-9b3ec0e5bffa,"Lombardi, Adam",alombardi_kforce.com#EXT#@Kforceinternational.onmicrosoft.com,Member,,"[{""signInType"":""federated"",""issuer"":""ExternalAzureAD"",""issuerAssignedId"":null},{""signInType"":""userPrincipalName"",""issuer"":""Kforceinternational.onmicrosoft.com"",""issuerAssignedId"":""alombardi_kforce.com#EXT#@Kforceinternational.onmicrosoft.com""}]",,Invitation,,alombardi@kforce.com,SVP Enterprise Svcs Tal Deliv,True
9d9fd985-99da-40e4-bb60-3fbccf1d8807,"Long, Lynette",LTozier_kforce.com#EXT#@Kforceinternational.onmicrosoft.com,Member,,"[{""signInType"":""federated"",""issuer"":""ExternalAzureAD"",""issuerAssignedId"":null},{""signInType"":""userPrincipalName"",""issuer"":""Kforceinternational.onmicrosoft.com"",""issuerAssignedId"":""LTozier_kforce.com#EXT#@Kforceinternational.onmicrosoft.com""}]",,Invitation,,LLong2@kforce.com,Dir Financial Reporting & SEC,True
c4999145-06a9-45a2-9b0d-c795f42ed842,"Lucas, Weston",WLucas_kforce.com#EXT#@Kforceinternational.onmicrosoft.com,Member,,"[{""signInType"":""federated"",""issuer"":""ExternalAzureAD"",""issuerAssignedId"":null},{""signInType"":""userPrincipalName"",""issuer"":""Kforceinternational.onmicrosoft.com"",""issuerAssignedId"":""WLucas_kforce.com#EXT#@Kforceinternational.onmicrosoft.com""}]",,Invitation,,WLucas@kforce.com,Sr IT User Supp Spec Infra,True
479fb23b-bc63-449c-8ff5-fabaaa57dc00,Lynette Long,Lynette.Long@kforce.co.in,Member,,"[{""signInType"":""userPrincipalName"",""issuer"":""Kforceinternational.onmicrosoft.com"",""issuerAssignedId"":""Lynette.Long@kforce.co.in""}]",,,,Lynette.Long@kforce.co.in,,True
9ce1a73d-e4be-4783-b8fc-872efaedb05f,Madush Kumar,madush.kumar@kforce.co.in,Member,,"[{""signInType"":""userPrincipalName"",""issuer"":""Kforceinternational.onmicrosoft.com"",""issuerAssignedId"":""madush.kumar@kforce.co.in""}]",KnowledgeForce India,,+91 9740540560,madush.kumar@kforce.co.in,Data Analyst / Visualization Engineer,True
7c4d3377-3291-4cf0-86f6-291746cb9aaf,"Mahaffey, Joe",WMahaffey_kforce.com#EXT#@Kforceinternational.onmicrosoft.com,Member,,"[{""signInType"":""federated"",""issuer"":""ExternalAzureAD"",""issuerAssignedId"":null},{""signInType"":""userPrincipalName"",""issuer"":""Kforceinternational.onmicrosoft.com"",""issuerAssignedId"":""WMahaffey_kforce.com#EXT#@Kforceinternational.onmicrosoft.com""}]",,Invitation,,WMahaffey@kforce.com,Consulting Solutions Partner,True
009934f8-b42b-48eb-8c94-2dd658f53526,Mahesh Nerkar,mahesh.nerkar@kforce.co.in,Member,,"[{""signInType"":""userPrincipalName"",""issuer"":""Kforceinternational.onmicrosoft.com"",""issuerAssignedId"":""mahesh.nerkar@kforce.co.in""}]",KnowledgeForce India,,+91 9970359995,mahesh.nerkar@kforce.co.in,It Recruiter,True
330e9397-14c0-47e8-8c9e-c9ed73e3edee,"Mallon, Kathleen",kmallon_kforce.com#EXT#@Kforceinternational.onmicrosoft.com,Member,,"[{""signInType"":""federated"",""issuer"":""ExternalAzureAD"",""issuerAssignedId"":null},{""signInType"":""userPrincipalName"",""issuer"":""Kforceinternational.onmicrosoft.com"",""issuerAssignedId"":""kmallon_kforce.com#EXT#@Kforceinternational.onmicrosoft.com""}]",,Invitation,,kmallon@kforce.com,Dir Tax & Third Party Complian,True
d9a37767-3927-4169-b034-c6762f8f2e11,Mamta C Kamble,mamta.kamble@kforce.co.in,Member,,"[{""signInType"":""userPrincipalName"",""issuer"":""Kforceinternational.onmicrosoft.com"",""issuerAssignedId"":""mamta.kamble@kforce.co.in""}]",KnowledgeForce India,,,mamta.kamble@kforce.co.in,Talent Acquisition Lead,True
0e75a664-f776-4cc3-9f18-703baac7a5e9,Mamta Sinha,mamta.sinha@kforce.co.in,Member,,"[{""signInType"":""userPrincipalName"",""issuer"":""Kforceinternational.onmicrosoft.com"",""issuerAssignedId"":""mamta.sinha@kforce.co.in""}]",KnowledgeForce India,,+91 8103342588,mamta.sinha@kforce.co.in,Senior Data Engineer,True
b49fcfdd-2d95-4a08-b2b1-b3302a254fbd,Manasi Utture,manasi.utture@kforce.co.in,Member,,"[{""signInType"":""userPrincipalName"",""issuer"":""Kforceinternational.onmicrosoft.com"",""issuerAssignedId"":""manasi.utture@kforce.co.in""}]",Innovalus,,9511747989,manasi.utture@kforce.co.in,Hr Operations Intern,True
223bd52d-4fec-4b55-8809-6fda1e1c5864,Manish Hiwase,manish.hiwase@kforce.co.in,Member,,"[{""signInType"":""userPrincipalName"",""issuer"":""Kforceinternational.onmicrosoft.com"",""issuerAssignedId"":""manish.hiwase@kforce.co.in""}]",KnowledgeForce India,,+918087916930,manish.hiwase@kforce.co.in,AWS Connect Engineer,True
6898b575-0795-4851-acd3-b6c613f62f91,Mary Babsi,mary.babsi@kforce.co.in,Member,,"[{""signInType"":""userPrincipalName"",""issuer"":""Kforceinternational.onmicrosoft.com"",""issuerAssignedId"":""mary.babsi@kforce.co.in""}]",KnowledgeForce India,,,mary.babsi@kforce.co.in,Office Manager,True
06ac6a00-ee6c-4675-8702-83d107aa44ec,"Maupin, Colter - Q",q-cmaupin_kforce.com#EXT#@Kforceinternational.onmicrosoft.com,Member,,"[{""signInType"":""federated"",""issuer"":""ExternalAzureAD"",""issuerAssignedId"":null},{""signInType"":""userPrincipalName"",""issuer"":""Kforceinternational.onmicrosoft.com"",""issuerAssignedId"":""q-cmaupin_kforce.com#EXT#@Kforceinternational.onmicrosoft.com""}]",,Invitation,,q-cmaupin@kforce.com,,True
2cfb85c4-6ff6-45b9-9c7b-538ac81e8ea8,Mayuri Agrawal,mayuri.agrawal@kforce.co.in,Member,,"[{""signInType"":""userPrincipalName"",""issuer"":""Kforceinternational.onmicrosoft.com"",""issuerAssignedId"":""mayuri.agrawal@kforce.co.in""}]",KnowledgeForce India,,8806640868,mayuri.agrawal@kforce.co.in,IT Recruiter,True
83ead554-b865-4101-beff-664c4ad4213b,mbarseghyan,mbarseghyan_kforce.com#EXT#@Kforceinternational.onmicrosoft.com,Guest,,"[{""signInType"":""federated"",""issuer"":""ExternalAzureAD"",""issuerAssignedId"":null},{""signInType"":""userPrincipalName"",""issuer"":""Kforceinternational.onmicrosoft.com"",""issuerAssignedId"":""mbarseghyan_kforce.com#EXT#@Kforceinternational.onmicrosoft.com""}]",,Invitation,,mbarseghyan@kforce.com,,True
c95c30d9-7478-4d06-b1d4-b44cfe7eb86e,"McElhearn, Conor",CMcElhearn_kforce.com#EXT#@Kforceinternational.onmicrosoft.com,Member,,"[{""signInType"":""federated"",""issuer"":""ExternalAzureAD"",""issuerAssignedId"":null},{""signInType"":""userPrincipalName"",""issuer"":""Kforceinternational.onmicrosoft.com"",""issuerAssignedId"":""CMcElhearn_kforce.com#EXT#@Kforceinternational.onmicrosoft.com""}]",,Invitation,,CMcElhearn@kforce.com,Dir Talent Acquisition ITS,True
65c8759f-29d6-4518-9d29-8cc4ef0a9a83,"Mcguirk, Mckenzie",MMcguirk_kforce.com#EXT#@Kforceinternational.onmicrosoft.com,Member,,"[{""signInType"":""federated"",""issuer"":""ExternalAzureAD"",""issuerAssignedId"":null},{""signInType"":""userPrincipalName"",""issuer"":""Kforceinternational.onmicrosoft.com"",""issuerAssignedId"":""MMcguirk_kforce.com#EXT#@Kforceinternational.onmicrosoft.com""}]",,Invitation,,MMcguirk@kforce.com,Talent Associate VSD,False
0a468f94-295e-4f38-bf4b-0cfa5768fa8b,Meghamala Bheri,meghamala.bheri@kforce.co.in,Member,,"[{""signInType"":""userPrincipalName"",""issuer"":""Kforceinternational.onmicrosoft.com"",""issuerAssignedId"":""meghamala.bheri@kforce.co.in""}]",KnowledgeForce India,,+001 6692240882,meghamala.bheri@kforce.co.in,Expert Data Engineer,True
74db65f3-692e-4973-8ad5-c6866f012f71,Mehul Chirania,mehul.chirania@kforce.co.in,Member,,"[{""signInType"":""userPrincipalName"",""issuer"":""Kforceinternational.onmicrosoft.com"",""issuerAssignedId"":""mehul.chirania@kforce.co.in""}]",KnowledgeForce India,,+91 9688227039,mehul.chirania@kforce.co.in,Data Engineer,True
c0a5b889-b26a-44fc-b17f-453ef4f2b23e,"Mendez, Pablo",PMendez_kforce.com#EXT#@Kforceinternational.onmicrosoft.com,Member,,"[{""signInType"":""federated"",""issuer"":""ExternalAzureAD"",""issuerAssignedId"":null},{""signInType"":""userPrincipalName"",""issuer"":""Kforceinternational.onmicrosoft.com"",""issuerAssignedId"":""PMendez_kforce.com#EXT#@Kforceinternational.onmicrosoft.com""}]",,Invitation,,PMendez@kforce.com,Sr IT User Supp Spec Infra,True
f2c2f925-63d9-4a42-86a8-6e8ba1cd636d,mhubbard,mhubbard_kforce.com#EXT#@Kforceinternational.onmicrosoft.com,Guest,,"[{""signInType"":""federated"",""issuer"":""ExternalAzureAD"",""issuerAssignedId"":null},{""signInType"":""userPrincipalName"",""issuer"":""Kforceinternational.onmicrosoft.com"",""issuerAssignedId"":""mhubbard_kforce.com#EXT#@Kforceinternational.onmicrosoft.com""}]",,Invitation,,mhubbard@kforce.com,,True
25fc0b97-2691-4e65-8218-c667583cc9ab,Mike Hubbard (Kforce),Mike.Hubbard@kforce.co.in,Member,,"[{""signInType"":""userPrincipalName"",""issuer"":""Kforceinternational.onmicrosoft.com"",""issuerAssignedId"":""Mike.Hubbard@kforce.co.in""}]",,,,Mike.Hubbard@kforce.co.in,,True
03da617d-f0f2-4385-98e5-cebaff8ff7e5,"Miksiewicz, Tyler",TMiksiewicz_kforce.com#EXT#@Kforceinternational.onmicrosoft.com,Member,,"[{""signInType"":""federated"",""issuer"":""ExternalAzureAD"",""issuerAssignedId"":null},{""signInType"":""userPrincipalName"",""issuer"":""Kforceinternational.onmicrosoft.com"",""issuerAssignedId"":""TMiksiewicz_kforce.com#EXT#@Kforceinternational.onmicrosoft.com""}]",,Invitation,,TMiksiewicz@kforce.com,Talent Associate ISS,True
1348f2a9-7a38-458d-a297-2b0e67de443b,"Miller, Kennedi",KMiller3_kforce.com#EXT#@Kforceinternational.onmicrosoft.com,Member,,"[{""signInType"":""federated"",""issuer"":""ExternalAzureAD"",""issuerAssignedId"":null},{""signInType"":""userPrincipalName"",""issuer"":""Kforceinternational.onmicrosoft.com"",""issuerAssignedId"":""KMiller3_kforce.com#EXT#@Kforceinternational.onmicrosoft.com""}]",,Invitation,,KMiller3@kforce.com,Talent Associate VSD,True
e40996b1-6e16-4aa2-ada6-cf953f54bf35,"Mitchell, Anthony",amitchell2_kforce.com#EXT#@Kforceinternational.onmicrosoft.com,Member,,"[{""signInType"":""federated"",""issuer"":""ExternalAzureAD"",""issuerAssignedId"":null},{""signInType"":""userPrincipalName"",""issuer"":""Kforceinternational.onmicrosoft.com"",""issuerAssignedId"":""amitchell2_kforce.com#EXT#@Kforceinternational.onmicrosoft.com""}]",,Invitation,,amitchell2@kforce.com,Mgr Intl Talent Acquisition,True
2c5463bc-b7ae-46bc-a915-bbe384d6777a,"Mohan, Manish",mmohan_kforce.com#EXT#@Kforceinternational.onmicrosoft.com,Member,,"[{""signInType"":""federated"",""issuer"":""ExternalAzureAD"",""issuerAssignedId"":null},{""signInType"":""userPrincipalName"",""issuer"":""Kforceinternational.onmicrosoft.com"",""issuerAssignedId"":""mmohan_kforce.com#EXT#@Kforceinternational.onmicrosoft.com""}]",,Invitation,,mmohan@kforce.com,Chief Global Talent Officer,True
efe42a09-bb52-4fe6-87fb-51941636beb4,Monica Johnson,Monica.Johnson@kforce.co.in,Member,,"[{""signInType"":""userPrincipalName"",""issuer"":""Kforceinternational.onmicrosoft.com"",""issuerAssignedId"":""Monica.Johnson@kforce.co.in""}]",,,,Monica.Johnson@kforce.co.in,,True
a384f896-7199-45c4-9dab-3bddf06b756e,Morty Smith (test),morty.smith@kforce.co.in,Member,,"[{""signInType"":""userPrincipalName"",""issuer"":""Kforceinternational.onmicrosoft.com"",""issuerAssignedId"":""morty.smith@kforce.co.in""}]",,,,morty.smith@kforce.co.in,,True
eb204b44-594f-43e5-9c08-88ed6a88f2b7,Mradal Tiwari,mradal.tiwari@kforce.co.in,Member,,"[{""signInType"":""userPrincipalName"",""issuer"":""Kforceinternational.onmicrosoft.com"",""issuerAssignedId"":""mradal.tiwari@kforce.co.in""}]",KnowledgeForce India,,+91 9634751063,mradal.tiwari@kforce.co.in,Data Engineer,True
41bd6bae-f3e7-4834-b3b3-e30b4c1d2818,"Muir, Elyse",emuir_kforce.com#EXT#@Kforceinternational.onmicrosoft.com,Member,,"[{""signInType"":""federated"",""issuer"":""ExternalAzureAD"",""issuerAssignedId"":null},{""signInType"":""userPrincipalName"",""issuer"":""Kforceinternational.onmicrosoft.com"",""issuerAssignedId"":""emuir_kforce.com#EXT#@Kforceinternational.onmicrosoft.com""}]",,Invitation,,emuir@kforce.com,Dir Talent Acquisition VSD,True
a2d8027f-bb31-4807-8884-78c94592130f,"Murillo, Ashley",AMURILLO_kforce.com#EXT#@Kforceinternational.onmicrosoft.com,Member,,"[{""signInType"":""federated"",""issuer"":""ExternalAzureAD"",""issuerAssignedId"":null},{""signInType"":""userPrincipalName"",""issuer"":""Kforceinternational.onmicrosoft.com"",""issuerAssignedId"":""AMURILLO_kforce.com#EXT#@Kforceinternational.onmicrosoft.com""}]",,Invitation,,AMURILLO@kforce.com,Mgr Intl Talent Acquisition,True
7fb65800-30f7-4102-98e0-6050d477858b,"Murphy, Ryan",RMurphy2_kforce.com#EXT#@Kforceinternational.onmicrosoft.com,Member,,"[{""signInType"":""federated"",""issuer"":""ExternalAzureAD"",""issuerAssignedId"":null},{""signInType"":""userPrincipalName"",""issuer"":""Kforceinternational.onmicrosoft.com"",""issuerAssignedId"":""RMurphy2_kforce.com#EXT#@Kforceinternational.onmicrosoft.com""}]",,Invitation,,RMurphy2@kforce.com,Talent Associate VSD,True
a0cc74ac-2ee5-4853-abe1-023c4bcef46e,Nandha Kishore,nandha.kishore@kforce.co.in,Member,,"[{""signInType"":""userPrincipalName"",""issuer"":""Kforceinternational.onmicrosoft.com"",""issuerAssignedId"":""nandha.kishore@kforce.co.in""}]",KnowledgeForce India,,+91 9030216279,nandha.kishore@kforce.co.in,Data Engineer,True
50a2260c-7bac-43ff-8ce1-89021b2c6455,Nandraj Rajendra Gaikwad,nandraj.gaikwad@kforce.co.in,Member,,"[{""signInType"":""userPrincipalName"",""issuer"":""Kforceinternational.onmicrosoft.com"",""issuerAssignedId"":""nandraj.gaikwad@kforce.co.in""}]",KnowledgeForce India,,,nandraj.gaikwad@kforce.co.in,Data Engineer,True
dc144cca-465d-4ac8-b0be-d162ca39819b,"Nelson, Matthew",mnelson_kforce.com#EXT#@Kforceinternational.onmicrosoft.com,Member,,"[{""signInType"":""federated"",""issuer"":""ExternalAzureAD"",""issuerAssignedId"":null},{""signInType"":""userPrincipalName"",""issuer"":""Kforceinternational.onmicrosoft.com"",""issuerAssignedId"":""mnelson_kforce.com#EXT#@Kforceinternational.onmicrosoft.com""}]",,Invitation,,mnelson@kforce.com,Sr Dir Program Management,True
14338f94-4723-4709-8532-af8fd4a11dec,"Nichols, Kim",KNichols_kforce.com#EXT#@Kforceinternational.onmicrosoft.com,Member,,"[{""signInType"":""federated"",""issuer"":""ExternalAzureAD"",""issuerAssignedId"":null},{""signInType"":""userPrincipalName"",""issuer"":""Kforceinternational.onmicrosoft.com"",""issuerAssignedId"":""KNichols_kforce.com#EXT#@Kforceinternational.onmicrosoft.com""}]",,Invitation,,KNichols@kforce.com,Sr Project Specialist,True
3f8f84ea-74f0-4dc9-9c58-fe669020566f,"Nicker, Jacob",JNicker_kforce.com#EXT#@Kforceinternational.onmicrosoft.com,Member,,"[{""signInType"":""federated"",""issuer"":""ExternalAzureAD"",""issuerAssignedId"":null},{""signInType"":""userPrincipalName"",""issuer"":""Kforceinternational.onmicrosoft.com"",""issuerAssignedId"":""JNicker_kforce.com#EXT#@Kforceinternational.onmicrosoft.com""}]",,Invitation,,JNicker@kforce.com,Strategic Talent Executive VSD,True
61bd8f1b-4fc6-4d99-a684-7b4dd220d3fe,"Nielsen, Meghan",MBascio_kforce.com#EXT#@Kforceinternational.onmicrosoft.com,Member,,"[{""signInType"":""federated"",""issuer"":""ExternalAzureAD"",""issuerAssignedId"":null},{""signInType"":""userPrincipalName"",""issuer"":""Kforceinternational.onmicrosoft.com"",""issuerAssignedId"":""MBascio_kforce.com#EXT#@Kforceinternational.onmicrosoft.com""}]",,Invitation,,MBascio@kforce.com,Senior Talent Executive VSD,True
5d8d1071-6cba-4ddf-aa66-5976edd4d2da,Nihal Jha,nihal.jha@kforce.co.in,Member,,"[{""signInType"":""userPrincipalName"",""issuer"":""Kforceinternational.onmicrosoft.com"",""issuerAssignedId"":""nihal.jha@kforce.co.in""}]",KnowledgeForce India,,+91 7808707647,nihal.jha@kforce.co.in,Sap Abap Consultant,True
6af91d87-997a-4f79-9b15-84e56e4d091b,"Nisbet, Raylene",RNisbet_kforce.com#EXT#@Kforceinternational.onmicrosoft.com,Member,,"[{""signInType"":""federated"",""issuer"":""ExternalAzureAD"",""issuerAssignedId"":null},{""signInType"":""userPrincipalName"",""issuer"":""Kforceinternational.onmicrosoft.com"",""issuerAssignedId"":""RNisbet_kforce.com#EXT#@Kforceinternational.onmicrosoft.com""}]",,Invitation,,RNisbet@kforce.com,Strategic Client Exec,True
9b397323-9d97-4e01-acba-0fab92ae31e9,Nisha Ahirrao,nisha.ahirrao@kforce.co.in,Member,,"[{""signInType"":""userPrincipalName"",""issuer"":""Kforceinternational.onmicrosoft.com"",""issuerAssignedId"":""nisha.ahirrao@kforce.co.in""}]",KnowledgeForce India,,,nisha.ahirrao@kforce.co.in,Knowledgeforce VSD Talent Associate,True
0b6c6a01-1703-407b-931b-8a68844639ec,Nithesh Reddy,nithesh.reddy@kforce.co.in,Member,,"[{""signInType"":""userPrincipalName"",""issuer"":""Kforceinternational.onmicrosoft.com"",""issuerAssignedId"":""nithesh.reddy@kforce.co.in""}]",KnowledgeForce India,,9347570630,nithesh.reddy@kforce.co.in,Senior Data Engineer,True
7fe5a2e0-8be7-46c0-8275-e9ed147b4ef4,Noi Sawangsri,csawangs@Kforceinternational.onmicrosoft.com,Member,,"[{""signInType"":""userPrincipalName"",""issuer"":""Kforceinternational.onmicrosoft.com"",""issuerAssignedId"":""csawangs@Kforceinternational.onmicrosoft.com""}]",,,,,,True
ba785041-7efb-42dc-9282-e6fe7317c122,"Nordman, Evan",ENordman_kforce.com#EXT#@Kforceinternational.onmicrosoft.com,Member,,"[{""signInType"":""federated"",""issuer"":""ExternalAzureAD"",""issuerAssignedId"":null},{""signInType"":""userPrincipalName"",""issuer"":""Kforceinternational.onmicrosoft.com"",""issuerAssignedId"":""ENordman_kforce.com#EXT#@Kforceinternational.onmicrosoft.com""}]",,Invitation,,ENordman@kforce.com,Talent Associate VSD,True
3c7aa028-62ad-4a77-88d6-8b2a4676f615,npuppala,npuppala_kforce.com#EXT#@Kforceinternational.onmicrosoft.com,Guest,,"[{""signInType"":""federated"",""issuer"":""ExternalAzureAD"",""issuerAssignedId"":null},{""signInType"":""userPrincipalName"",""issuer"":""Kforceinternational.onmicrosoft.com"",""issuerAssignedId"":""npuppala_kforce.com#EXT#@Kforceinternational.onmicrosoft.com""}]",,Invitation,,npuppala@kforce.com,,True
9dd9934f-2862-4c94-9c08-f66ec2b88ace,Ojaswa Khare,ojaswa.khare@kforce.co.in,Member,,"[{""signInType"":""userPrincipalName"",""issuer"":""Kforceinternational.onmicrosoft.com"",""issuerAssignedId"":""ojaswa.khare@kforce.co.in""}]",KnowledgeForce India,,,ojaswa.khare@kforce.co.in,Knowledgeforce ISS Talent Associate,True
e3737cc5-3118-4d9a-bc34-2c19fcc095a6,Pablo Mendez,PMendez@Kforceinternational.onmicrosoft.com,Member,,"[{""signInType"":""userPrincipalName"",""issuer"":""Kforceinternational.onmicrosoft.com"",""issuerAssignedId"":""PMendez@Kforceinternational.onmicrosoft.com""}]",Kforce Services Corp.,,,,Sr IT User Supp Spec Infra,True
cc5449f9-d711-4b52-99b9-30eca091c781,Parag Baheti,parag.baheti@kforce.co.in,Member,,"[{""signInType"":""userPrincipalName"",""issuer"":""Kforceinternational.onmicrosoft.com"",""issuerAssignedId"":""parag.baheti@kforce.co.in""}]",KnowledgeForce India,,+91 9881294074,parag.baheti@kforce.co.in,Technical Product - Project Lead,True
500d1043-a245-405f-8ef2-fb367ae78d0c,"Paresi, Dominic",DParesi_kforce.com#EXT#@Kforceinternational.onmicrosoft.com,Member,,"[{""signInType"":""federated"",""issuer"":""ExternalAzureAD"",""issuerAssignedId"":null},{""signInType"":""userPrincipalName"",""issuer"":""Kforceinternational.onmicrosoft.com"",""issuerAssignedId"":""DParesi_kforce.com#EXT#@Kforceinternational.onmicrosoft.com""}]",,Invitation,,DParesi@kforce.com,Talent Associate ISS,True
7b7b6814-f550-49e0-9422-2a73c0e67741,Paritosh Sangle,paritosh.sangle@kforce.co.in,Member,,"[{""signInType"":""userPrincipalName"",""issuer"":""Kforceinternational.onmicrosoft.com"",""issuerAssignedId"":""paritosh.sangle@kforce.co.in""}]",Innovalus,,+91 8799823196,paritosh.sangle@kforce.co.in,Hr Operations Executive,True
c85b233f-855d-4c8d-858f-a49dbc8b5461,"Patel, Roshani",rpatel2_kforce.com#EXT#@Kforceinternational.onmicrosoft.com,Member,,"[{""signInType"":""federated"",""issuer"":""ExternalAzureAD"",""issuerAssignedId"":null},{""signInType"":""userPrincipalName"",""issuer"":""Kforceinternational.onmicrosoft.com"",""issuerAssignedId"":""rpatel2_kforce.com#EXT#@Kforceinternational.onmicrosoft.com""}]",,Invitation,,rpatel2@kforce.com,Mgr Immigration Services,True
319934bb-bff3-4895-9e9d-b20d1930d461,"Peterson, Latasha",LPeterson_kforce.com#EXT#@Kforceinternational.onmicrosoft.com,Member,,"[{""signInType"":""federated"",""issuer"":""ExternalAzureAD"",""issuerAssignedId"":null},{""signInType"":""userPrincipalName"",""issuer"":""Kforceinternational.onmicrosoft.com"",""issuerAssignedId"":""LPeterson_kforce.com#EXT#@Kforceinternational.onmicrosoft.com""}]",,Invitation,,LPeterson@kforce.com,Talent Executive VSD,True
293c2118-e3c1-4c50-a2ba-c10e84a652a1,"Pirela, Isabella",IPirela_kforce.com#EXT#@Kforceinternational.onmicrosoft.com,Member,,"[{""signInType"":""federated"",""issuer"":""ExternalAzureAD"",""issuerAssignedId"":null},{""signInType"":""userPrincipalName"",""issuer"":""Kforceinternational.onmicrosoft.com"",""issuerAssignedId"":""IPirela_kforce.com#EXT#@Kforceinternational.onmicrosoft.com""}]",,Invitation,,IPirela@kforce.com,ITS Resource Manager,True
5a8463e7-c8ca-420c-a5ba-3ddfd71bb6ee,Pradeep Jadhav,pradeep.jadhav@kforce.co.in,Member,,"[{""signInType"":""userPrincipalName"",""issuer"":""Kforceinternational.onmicrosoft.com"",""issuerAssignedId"":""pradeep.jadhav@kforce.co.in""}]",KnowledgeForce India,,+91 7066601973,pradeep.jadhav@kforce.co.in,Senior Data Engineer,True
ca92562a-84a6-47ee-80f8-61d7f8449442,Prasad Khajure,prasad.khajure@kforce.co.in,Member,,"[{""signInType"":""userPrincipalName"",""issuer"":""Kforceinternational.onmicrosoft.com"",""issuerAssignedId"":""prasad.khajure@kforce.co.in""}]",KnowledgeForce India,,+917249101022,prasad.khajure@kforce.co.in,AWS Connect Engineer,True
698e5309-906c-4385-bc8a-ab8b3b6d4f0c,Prashanth Yarlagadda,prashanth.yarlagadda@kforce.co.in,Member,,"[{""signInType"":""userPrincipalName"",""issuer"":""Kforceinternational.onmicrosoft.com"",""issuerAssignedId"":""prashanth.yarlagadda@kforce.co.in""}]",KnowledgeForce India,,+91 8179383999,prashanth.yarlagadda@kforce.co.in,Expert Data Engineer,True
ef0158f2-4b60-4e66-841d-9c9c466d4614,Pratik Shah,pratik.shah@kforce.co.in,Member,,"[{""signInType"":""userPrincipalName"",""issuer"":""Kforceinternational.onmicrosoft.com"",""issuerAssignedId"":""pratik.shah@kforce.co.in""}]",KnowledgeForce India,,+91 9322604289,pratik.shah@kforce.co.in,Senior Data Engineer,True
b1d4b691-6c4b-48a1-8674-5a0a12647d1a,Preethi Murala,preethi.murala@kforce.co.in,Member,,"[{""signInType"":""userPrincipalName"",""issuer"":""Kforceinternational.onmicrosoft.com"",""issuerAssignedId"":""preethi.murala@kforce.co.in""}]",KnowledgeForce India,,+91 8341119272,preethi.murala@kforce.co.in,Expert Data Engineer,True
49a2ada5-b262-459f-95b3-054f4f2e3fc0,Prem Hogade,prem.hogade@kforce.co.in,Member,,"[{""signInType"":""userPrincipalName"",""issuer"":""Kforceinternational.onmicrosoft.com"",""issuerAssignedId"":""prem.hogade@kforce.co.in""}]",KnowledgeForce India,,+91 7887820421,prem.hogade@kforce.co.in,Ai Prompt Engineer,True
34f83964-97a6-49ec-aec9-a28704136482,Priyanka Kulkarni,priyanka.kulkarni@kforce.co.in,Member,,"[{""signInType"":""userPrincipalName"",""issuer"":""Kforceinternational.onmicrosoft.com"",""issuerAssignedId"":""priyanka.kulkarni@kforce.co.in""}]",KnowledgeForce India,,+91 9284206512,priyanka.kulkarni@kforce.co.in,Software Developer,True
54cb27af-481a-4a94-b9a0-19f65286dc8d,Priyanshi Jain,priyanshi.jain@kforce.co.in,Member,,"[{""signInType"":""userPrincipalName"",""issuer"":""Kforceinternational.onmicrosoft.com"",""issuerAssignedId"":""priyanshi.jain@kforce.co.in""}]",KnowledgeForce India,,+91 6367625915,priyanshi.jain@kforce.co.in,Ai Prompt Engineer - Health Equity,True
3376d89e-10fa-4b95-998b-b4caef0e259f,Procheta Ganguly,procheta.ganguly@kforce.co.in,Member,,"[{""signInType"":""userPrincipalName"",""issuer"":""Kforceinternational.onmicrosoft.com"",""issuerAssignedId"":""procheta.ganguly@kforce.co.in""}]",KnowledgeForce India,,+91 8653751975,procheta.ganguly@kforce.co.in,IT Recruiter,True
4f1e2e9a-a19f-41fa-be8f-b971b129ee47,Punith A,punith.a@kforce.co.in,Member,,"[{""signInType"":""userPrincipalName"",""issuer"":""Kforceinternational.onmicrosoft.com"",""issuerAssignedId"":""punith.a@kforce.co.in""}]",KnowledgeForce India,,+91 8431769035,punith.a@kforce.co.in,DevOps Engineer,True
815763bf-70b9-4f93-8dcb-93cf0f3c1ebc,"Qureshi, Alaina",AGroskreutz_kforce.com#EXT#@Kforceinternational.onmicrosoft.com,Member,,"[{""signInType"":""federated"",""issuer"":""ExternalAzureAD"",""issuerAssignedId"":null},{""signInType"":""userPrincipalName"",""issuer"":""Kforceinternational.onmicrosoft.com"",""issuerAssignedId"":""AGroskreutz_kforce.com#EXT#@Kforceinternational.onmicrosoft.com""}]",,Invitation,,AGroskreutz@kforce.com,Talent Associate VSD,True
a3e8907e-c47c-42a9-9158-5ae928054790,Raghvi Pathak,raghvi.pathak@kforce.co.in,Member,,"[{""signInType"":""userPrincipalName"",""issuer"":""Kforceinternational.onmicrosoft.com"",""issuerAssignedId"":""raghvi.pathak@kforce.co.in""}]",KnowledgeForce India,,+91 7046988613,raghvi.pathak@kforce.co.in,Project Manager,True
9ffbbd95-0036-4c26-950d-21b69b8686d7,Ragini Kapase,ragini.kapase@kforce.co.in,Member,,"[{""signInType"":""userPrincipalName"",""issuer"":""Kforceinternational.onmicrosoft.com"",""issuerAssignedId"":""ragini.kapase@kforce.co.in""}]",KnowledgeForce India,,+9673792666,ragini.kapase@kforce.co.in,Senior IT Recruiter,True
e1a82f93-d8f3-420d-bc65-28f30d0d2ed4,Rahul Jaiswal,rahul.jaiswal@kforce.co.in,Member,,"[{""signInType"":""userPrincipalName"",""issuer"":""Kforceinternational.onmicrosoft.com"",""issuerAssignedId"":""rahul.jaiswal@kforce.co.in""}]",KnowledgeForce India,,+91 9635716901,rahul.jaiswal@kforce.co.in,Power Platform ALM Specialist,True
1dc185c9-ad23-4592-a7a3-5aecff253de3,Rajani Bhagat,rajani.bhagat@kforce.co.in,Member,,"[{""signInType"":""userPrincipalName"",""issuer"":""Kforceinternational.onmicrosoft.com"",""issuerAssignedId"":""rajani.bhagat@kforce.co.in""}]",KnowledgeForce India,,+91 7058882307,rajani.bhagat@kforce.co.in,It Recruiter,True
a3bc3809-65a7-4059-bd93-be892c54e222,Rajeev Shrivastava,rajeev.shrivastava@kforce.co.in,Member,,"[{""signInType"":""userPrincipalName"",""issuer"":""Kforceinternational.onmicrosoft.com"",""issuerAssignedId"":""rajeev.shrivastava@kforce.co.in""}]",KnowledgeForce India,,+91 7499167785,rajeev.shrivastava@kforce.co.in,Software Developer,True
bc2a8221-ccbc-4a35-b8d0-4a51b629f8dd,Rajesh Kumar,rajesh.kumar@kforce.co.in,Member,,"[{""signInType"":""userPrincipalName"",""issuer"":""Kforceinternational.onmicrosoft.com"",""issuerAssignedId"":""rajesh.kumar@kforce.co.in""}]",KnowledgeForce India,,,rajesh.kumar@kforce.co.in,AI Architect,True
72437617-6f4c-4b46-b344-04643477a635,"Rakhmanov, Igor",irakhmanov_kforce.com#EXT#@Kforceinternational.onmicrosoft.com,Member,,"[{""signInType"":""federated"",""issuer"":""ExternalAzureAD"",""issuerAssignedId"":null},{""signInType"":""userPrincipalName"",""issuer"":""Kforceinternational.onmicrosoft.com"",""issuerAssignedId"":""irakhmanov_kforce.com#EXT#@Kforceinternational.onmicrosoft.com""}]",,Invitation,,irakhmanov@kforce.com,VP Regional Services,True
2f690c88-26bd-4754-8dcc-eba92bb5affb,Ram Chavhan,ram.chavhan@kforce.co.in,Member,,"[{""signInType"":""userPrincipalName"",""issuer"":""Kforceinternational.onmicrosoft.com"",""issuerAssignedId"":""ram.chavhan@kforce.co.in""}]",KnowledgeForce India,,+919960806144,ram.chavhan@kforce.co.in,Data Tester,True
74f3f1a5-ab11-43f6-8287-fed9b9722c86,Ramachandran Balasubramanian,ramachandran.balasubramanian@kforce.co.in,Member,,"[{""signInType"":""userPrincipalName"",""issuer"":""Kforceinternational.onmicrosoft.com"",""issuerAssignedId"":""ramachandran.balasubramanian@kforce.co.in""}]",Innovalus,,,ramachandran.balasubramanian@kforce.co.in,"Back Office Operations (Finance, Legal & Compliance)",True
06e02482-db85-4274-9399-32b2cd834556,"Ratliff, Amanda",ARatliff_kforce.com#EXT#@Kforceinternational.onmicrosoft.com,Member,,"[{""signInType"":""federated"",""issuer"":""ExternalAzureAD"",""issuerAssignedId"":null},{""signInType"":""userPrincipalName"",""issuer"":""Kforceinternational.onmicrosoft.com"",""issuerAssignedId"":""ARatliff_kforce.com#EXT#@Kforceinternational.onmicrosoft.com""}]",,Invitation,,ARatliff@kforce.com,Talent Executive VSD,True
88d2fba2-a3e6-4900-aaf5-c0972571e343,"Raut, Prachi",PRaut_kforce.com#EXT#@Kforceinternational.onmicrosoft.com,Member,,"[{""signInType"":""federated"",""issuer"":""ExternalAzureAD"",""issuerAssignedId"":null},{""signInType"":""userPrincipalName"",""issuer"":""Kforceinternational.onmicrosoft.com"",""issuerAssignedId"":""PRaut_kforce.com#EXT#@Kforceinternational.onmicrosoft.com""}]",,Invitation,,PRaut@kforce.com,Talent Associate ISS,True
533886a6-3777-4dff-96cd-48179e3a32f9,Ravi Gupta,Ravi.Gupta@kforce.co.in,Member,,"[{""signInType"":""userPrincipalName"",""issuer"":""Kforceinternational.onmicrosoft.com"",""issuerAssignedId"":""Ravi.Gupta@kforce.co.in""}]",Innovalus,,+91 9880005864,Ravi.Gupta@kforce.co.in,IT Support,True
f75fb179-a5b6-4873-81b9-8f714efa56d7,Rick Sanchez (test),rick.sanchez@kforce.co.in,Member,,"[{""signInType"":""userPrincipalName"",""issuer"":""Kforceinternational.onmicrosoft.com"",""issuerAssignedId"":""rick.sanchez@kforce.co.in""}]",,,,rick.sanchez@kforce.co.in,,True
2d378412-8468-4d4d-8c78-b1f3bc549ca6,"Roberts, Joshua",JRoberts2_kforce.com#EXT#@Kforceinternational.onmicrosoft.com,Member,,"[{""signInType"":""federated"",""issuer"":""ExternalAzureAD"",""issuerAssignedId"":null},{""signInType"":""userPrincipalName"",""issuer"":""Kforceinternational.onmicrosoft.com"",""issuerAssignedId"":""JRoberts2_kforce.com#EXT#@Kforceinternational.onmicrosoft.com""}]",,Invitation,,JRoberts2@kforce.com,Talent Associate ISS,False
9c584324-93bc-4180-b4ea-563d5ff62af0,"Rodriguez, Maira",MRodriguez4_kforce.com#EXT#@Kforceinternational.onmicrosoft.com,Member,,"[{""signInType"":""federated"",""issuer"":""ExternalAzureAD"",""issuerAssignedId"":null},{""signInType"":""userPrincipalName"",""issuer"":""Kforceinternational.onmicrosoft.com"",""issuerAssignedId"":""MRodriguez4_kforce.com#EXT#@Kforceinternational.onmicrosoft.com""}]",,Invitation,,MRodriguez4@kforce.com,ITS Resource Manager,True
85a24b92-069e-4c78-9227-8288cef9a317,Romil Khowal,romil.khowal@kforce.co.in,Member,,"[{""signInType"":""userPrincipalName"",""issuer"":""Kforceinternational.onmicrosoft.com"",""issuerAssignedId"":""romil.khowal@kforce.co.in""}]",KnowledgeForce India,,+919424579443,romil.khowal@kforce.co.in,Technical Lead,True
68792fc2-3b30-40b6-82eb-a3b37bf99083,"Rose, Cody",crose_kforce.com#EXT#@Kforceinternational.onmicrosoft.com,Member,,"[{""signInType"":""federated"",""issuer"":""ExternalAzureAD"",""issuerAssignedId"":null},{""signInType"":""userPrincipalName"",""issuer"":""Kforceinternational.onmicrosoft.com"",""issuerAssignedId"":""crose_kforce.com#EXT#@Kforceinternational.onmicrosoft.com""}]",,Invitation,,crose@kforce.com,Mgr Talent Acquisition ITS,True
8bba4644-2f7f-42ac-b97e-875891cca1d3,Rupali Bolegaon,rupali.bolegaon@kforce.co.in,Member,,"[{""signInType"":""userPrincipalName"",""issuer"":""Kforceinternational.onmicrosoft.com"",""issuerAssignedId"":""rupali.bolegaon@kforce.co.in""}]",KnowledgeForce India,,+91 8296477847,rupali.bolegaon@kforce.co.in,Expert Data Engineer,True
b77ff995-219a-40d0-bc19-15f80873ce7c,Rupali Manoja,rupali.manoja@kforce.co.in,Member,,"[{""signInType"":""userPrincipalName"",""issuer"":""Kforceinternational.onmicrosoft.com"",""issuerAssignedId"":""rupali.manoja@kforce.co.in""}]",Innovalus,,7020637519,rupali.manoja@kforce.co.in,Finance Executive,True
6eaa0936-eddc-4df9-ab35-85f45865cb1c,"Russell, Gary",grussell_kforce.com#EXT#@Kforceinternational.onmicrosoft.com,Member,,"[{""signInType"":""federated"",""issuer"":""ExternalAzureAD"",""issuerAssignedId"":null},{""signInType"":""userPrincipalName"",""issuer"":""Kforceinternational.onmicrosoft.com"",""issuerAssignedId"":""grussell_kforce.com#EXT#@Kforceinternational.onmicrosoft.com""}]",,Invitation,,grussell@kforce.com,Sr Dir Program Management,True
84beb643-6bcd-4634-9072-06446c294f85,Sakshi Sharma,sakshi.sharma@kforce.co.in,Member,,"[{""signInType"":""userPrincipalName"",""issuer"":""Kforceinternational.onmicrosoft.com"",""issuerAssignedId"":""sakshi.sharma@kforce.co.in""}]",KnowledgeForce India,,+91 8010131127,sakshi.sharma@kforce.co.in,Talent Acquisition Intern,True
9821999c-250b-4b7c-9f77-18d6d4aa969b,Sampreet Coorg,sampreet.coorg@kforce.co.in,Member,,"[{""signInType"":""userPrincipalName"",""issuer"":""Kforceinternational.onmicrosoft.com"",""issuerAssignedId"":""sampreet.coorg@kforce.co.in""}]",KnowledgeForce India,,91-9620881088,sampreet.coorg@kforce.co.in,Senior Data Engineer,True
ffe7947f-8ab1-43d4-ae2f-1b150be0e087,Samruddhi Mane,samruddhi.mane@kforce.co.in,Member,,"[{""signInType"":""userPrincipalName"",""issuer"":""Kforceinternational.onmicrosoft.com"",""issuerAssignedId"":""samruddhi.mane@kforce.co.in""}]",KnowledgeForce India,,,samruddhi.mane@kforce.co.in,Knowledgeforce VSD Talent Associate,True
8fdd0c5d-b4df-4d5b-9f5a-f89811c46706,"San Pedro, Phil Jayson (Non-Core)",PJSanPedro_kforce.com#EXT#@Kforceinternational.onmicrosoft.com,Member,,"[{""signInType"":""federated"",""issuer"":""ExternalAzureAD"",""issuerAssignedId"":null},{""signInType"":""userPrincipalName"",""issuer"":""Kforceinternational.onmicrosoft.com"",""issuerAssignedId"":""PJSanPedro_kforce.com#EXT#@Kforceinternational.onmicrosoft.com""}]",,Invitation,,PJSanPedro@kforce.com,,False
8b903eb3-35c0-4cfe-b73e-a780aac4ea38,Sanjay Sakthivel,sanjay.sakthivel@kforce.co.in,Member,,"[{""signInType"":""userPrincipalName"",""issuer"":""Kforceinternational.onmicrosoft.com"",""issuerAssignedId"":""sanjay.sakthivel@kforce.co.in""}]",KnowledgeForce India,,+91 6383973114,sanjay.sakthivel@kforce.co.in,Associate Data Scientist,True
30c11386-4c32-4bda-9751-c16bcdb18eb5,"Santiago, Alondra",ASantiago2_kforce.com#EXT#@Kforceinternational.onmicrosoft.com,Member,,"[{""signInType"":""federated"",""issuer"":""ExternalAzureAD"",""issuerAssignedId"":null},{""signInType"":""userPrincipalName"",""issuer"":""Kforceinternational.onmicrosoft.com"",""issuerAssignedId"":""ASantiago2_kforce.com#EXT#@Kforceinternational.onmicrosoft.com""}]",,Invitation,,ASantiago2@kforce.com,Talent Associate VSD,True
70cd6d1f-4b0a-43c8-a5bc-864b52e34d04,Sanu Kumar,sanu.kumar@kforce.co.in,Member,,"[{""signInType"":""userPrincipalName"",""issuer"":""Kforceinternational.onmicrosoft.com"",""issuerAssignedId"":""sanu.kumar@kforce.co.in""}]",KnowledgeForce India,,+91 6201589233,sanu.kumar@kforce.co.in,Data Visualization Engineer,True
fd143c55-820d-4c84-8d7b-a63c07ad8f7c,Sasikumar Chandrasekaran,sasikumar.chandrasekaran@kforce.co.in,Member,,"[{""signInType"":""userPrincipalName"",""issuer"":""Kforceinternational.onmicrosoft.com"",""issuerAssignedId"":""sasikumar.chandrasekaran@kforce.co.in""}]",KnowledgeForce India,,+91 9600426143,sasikumar.chandrasekaran@kforce.co.in,SENIOR DATA ENGINEER,True
d37dac84-1c0b-486a-96d5-93fdafedf388,Saumya Pandey,saumya.pandey@kforce.co.in,Member,,"[{""signInType"":""userPrincipalName"",""issuer"":""Kforceinternational.onmicrosoft.com"",""issuerAssignedId"":""saumya.pandey@kforce.co.in""}]",KnowledgeForce India,,+91 9198169991,saumya.pandey@kforce.co.in,IT Recruiter,True
e21d1c7f-816e-4b7e-a131-a55a2e131613,Saurabh Kurhade,saurabh.kurhade@kforce.co.in,Member,,"[{""signInType"":""userPrincipalName"",""issuer"":""Kforceinternational.onmicrosoft.com"",""issuerAssignedId"":""saurabh.kurhade@kforce.co.in""}]",KnowledgeForce India,,+919028255393,saurabh.kurhade@kforce.co.in,AI Engineer,True
e4df0e10-6f03-48a7-b471-ccb7ab546116,Sayali N Sathe,sayali.sathe@kforce.co.in,Member,,"[{""signInType"":""userPrincipalName"",""issuer"":""Kforceinternational.onmicrosoft.com"",""issuerAssignedId"":""sayali.sathe@kforce.co.in""}]",KnowledgeForce India,,,sayali.sathe@kforce.co.in,Quality Assurance Engineer,True
dd7d3a40-91a7-4191-9506-9c68979bb21b,Sayee Jadhav,sayee.jadhav@kforce.co.in,Member,,"[{""signInType"":""userPrincipalName"",""issuer"":""Kforceinternational.onmicrosoft.com"",""issuerAssignedId"":""sayee.jadhav@kforce.co.in""}]",KnowledgeForce India,,+91 7249029331,sayee.jadhav@kforce.co.in,IT Recruiter,True
eed1ae58-beb1-44d4-a623-13a4c53b13fb,Seema Kumari,seema.kumari@kforce.co.in,Member,,"[{""signInType"":""userPrincipalName"",""issuer"":""Kforceinternational.onmicrosoft.com"",""issuerAssignedId"":""seema.kumari@kforce.co.in""}]",KnowledgeForce India,,+91 7255833478,seema.kumari@kforce.co.in,IT Recruiter,True
16a7360f-12d1-44de-aeaf-0bd006edd609,"Shad, Adam",ashad_kforce.com#EXT#@Kforceinternational.onmicrosoft.com,Member,,"[{""signInType"":""federated"",""issuer"":""ExternalAzureAD"",""issuerAssignedId"":null},{""signInType"":""userPrincipalName"",""issuer"":""Kforceinternational.onmicrosoft.com"",""issuerAssignedId"":""ashad_kforce.com#EXT#@Kforceinternational.onmicrosoft.com""}]",,Invitation,,ashad@kforce.com,VP Consulting Sol Partner,True
a3d196a7-39c7-4b49-9108-9a6cb792d99a,Shaurya Deshmukh,shaurya.deshmukh@kforce.co.in,Member,,"[{""signInType"":""userPrincipalName"",""issuer"":""Kforceinternational.onmicrosoft.com"",""issuerAssignedId"":""shaurya.deshmukh@kforce.co.in""}]",KnowledgeForce India,,,shaurya.deshmukh@kforce.co.in,Knowledgeforce ISS Talent Associate,True
f806b906-ade4-4ae5-941b-ba52681ddd55,Shekhar Chorhmale,shekhar.chorhmale@kforce.co.in,Member,,"[{""signInType"":""userPrincipalName"",""issuer"":""Kforceinternational.onmicrosoft.com"",""issuerAssignedId"":""shekhar.chorhmale@kforce.co.in""}]",KnowledgeForce India,,9325493919,shekhar.chorhmale@kforce.co.in,Machine Learning Engineer,True
6ed41e44-a741-4f37-bd91-c6541d11f240,Shivani Pawar,shivani.pawar@kforce.co.in,Member,,"[{""signInType"":""userPrincipalName"",""issuer"":""Kforceinternational.onmicrosoft.com"",""issuerAssignedId"":""shivani.pawar@kforce.co.in""}]",KnowledgeForce India,,+91 9529732126,shivani.pawar@kforce.co.in,IT Recruiter,True
0253133d-bc42-40b7-ac2f-eac278909879,Shraddha Sonawane,shraddha.sonawane@kforce.co.in,Member,,"[{""signInType"":""userPrincipalName"",""issuer"":""Kforceinternational.onmicrosoft.com"",""issuerAssignedId"":""shraddha.sonawane@kforce.co.in""}]",KnowledgeForce India,,+91 8983098196,shraddha.sonawane@kforce.co.in,Knowledgeforce VSD Talent Associate,True
a4099df3-db2f-4d40-8eae-95b873ef0b78,Shrutika Sabapure,shrutika.sabapure@kforce.co.in,Member,,"[{""signInType"":""userPrincipalName"",""issuer"":""Kforceinternational.onmicrosoft.com"",""issuerAssignedId"":""shrutika.sabapure@kforce.co.in""}]",KnowledgeForce India,,9767082070,shrutika.sabapure@kforce.co.in,Knowledgeforce VSD Talent Associate,True
9dc5f8d9-9589-4414-a58f-82c9d7f0a380,Shubham Gagare,shubham.gagare@kforce.co.in,Member,,"[{""signInType"":""userPrincipalName"",""issuer"":""Kforceinternational.onmicrosoft.com"",""issuerAssignedId"":""shubham.gagare@kforce.co.in""}]",KnowledgeForce India,,7218522200,shubham.gagare@kforce.co.in,AI Engineer - AI Pods,True
4bc650e6-8a21-4314-9960-3d0de93e5371,Shubham Khedkar,shubham.khedkar@kforce.co.in,Member,,"[{""signInType"":""userPrincipalName"",""issuer"":""Kforceinternational.onmicrosoft.com"",""issuerAssignedId"":""shubham.khedkar@kforce.co.in""}]",KnowledgeForce India,,+91 8446725110,shubham.khedkar@kforce.co.in,Data Analyst / Visualization Engineer,True
938a449f-3205-4873-8913-79df00caddef,Shubhangi Wable,shubhangi.wable@kforce.co.in,Member,,"[{""signInType"":""userPrincipalName"",""issuer"":""Kforceinternational.onmicrosoft.com"",""issuerAssignedId"":""shubhangi.wable@kforce.co.in""}]",KnowledgeForce India,,8080591050,shubhangi.wable@kforce.co.in,IT Recruiter,True
553193c4-5829-4326-a8ee-30f60367bf1e,Siddharaj Jawalkar,siddharaj.jawalkar@kforce.co.in,Member,,"[{""signInType"":""userPrincipalName"",""issuer"":""Kforceinternational.onmicrosoft.com"",""issuerAssignedId"":""siddharaj.jawalkar@kforce.co.in""}]",KnowledgeForce India,,+91 9096360020,siddharaj.jawalkar@kforce.co.in,AI Engineer,True
143babb7-7d3d-4167-9208-e0087684c19c,Simmi Mittal,simmi.mittal@kforce.co.in,Member,,"[{""signInType"":""userPrincipalName"",""issuer"":""Kforceinternational.onmicrosoft.com"",""issuerAssignedId"":""simmi.mittal@kforce.co.in""}]",KnowledgeForce India,,+91 9130112969,simmi.mittal@kforce.co.in,Knowledgeforce VSD Talent Associate,True
540ee8de-ec3c-482c-94d7-c2c89fb40113,"Simon, Tyson",JSIMON_kforce.com#EXT#@Kforceinternational.onmicrosoft.com,Member,,"[{""signInType"":""federated"",""issuer"":""ExternalAzureAD"",""issuerAssignedId"":null},{""signInType"":""userPrincipalName"",""issuer"":""Kforceinternational.onmicrosoft.com"",""issuerAssignedId"":""JSIMON_kforce.com#EXT#@Kforceinternational.onmicrosoft.com""}]",,Invitation,,tsimon@kforce.com,SVP Consulting Solutions,True
033e5163-98ac-4db8-9696-2c334a103ab9,Skyhigh Integration Account (API),svc-skyhighintegration@Kforceinternational.onmicrosoft.com,Member,,"[{""signInType"":""userPrincipalName"",""issuer"":""Kforceinternational.onmicrosoft.com"",""issuerAssignedId"":""svc-skyhighintegration@Kforceinternational.onmicrosoft.com""}]",,,,svc-skyhighintegration@Kforceinternational.onmicrosoft.com,,False
f0fcef5f-dbf8-45b0-af81-f7a803e36ad9,Smita Salunke,smita.salunke@kforce.co.in,Member,,"[{""signInType"":""userPrincipalName"",""issuer"":""Kforceinternational.onmicrosoft.com"",""issuerAssignedId"":""smita.salunke@kforce.co.in""}]",KnowledgeForce India,,+91 9819860882,smita.salunke@kforce.co.in,Fullstack Api Developer,True
a59b2461-3bd6-4532-9fd9-c54ac10acd97,"Smith, Kendal",KSmith5_kforce.com#EXT#@Kforceinternational.onmicrosoft.com,Member,,"[{""signInType"":""federated"",""issuer"":""ExternalAzureAD"",""issuerAssignedId"":null},{""signInType"":""userPrincipalName"",""issuer"":""Kforceinternational.onmicrosoft.com"",""issuerAssignedId"":""KSmith5_kforce.com#EXT#@Kforceinternational.onmicrosoft.com""}]",,Invitation,,KSmith5@kforce.com,Sr Mgr Talent Acquisition ITS,True
f6e39d52-6ae3-4891-a136-a5b3303debaf,Snehal Meshram,snehal.meshram@kforce.co.in,Member,,"[{""signInType"":""userPrincipalName"",""issuer"":""Kforceinternational.onmicrosoft.com"",""issuerAssignedId"":""snehal.meshram@kforce.co.in""}]",KnowledgeForce India,,+91 9511653256,snehal.meshram@kforce.co.in,Talent Acquisition Intern,True
a1745702-97df-4109-9336-8aa8f102aa23,Somnath Deychowdhury,somnath.deychowdhury@kforce.co.in,Member,,"[{""signInType"":""userPrincipalName"",""issuer"":""Kforceinternational.onmicrosoft.com"",""issuerAssignedId"":""somnath.deychowdhury@kforce.co.in""}]",KnowledgeForce India,,+91 9527227843,somnath.deychowdhury@kforce.co.in,Full Stack Api Developer,True
defb79bf-5247-4813-899d-018428ca2f3a,Sonali Garg,sonali.garg@kforce.co.in,Member,,"[{""signInType"":""userPrincipalName"",""issuer"":""Kforceinternational.onmicrosoft.com"",""issuerAssignedId"":""sonali.garg@kforce.co.in""}]",KnowledgeForce India,,+91 9811956025,sonali.garg@kforce.co.in,Technical Lead,True
45e2ea6a-ad97-418b-994d-336a806e616b,Sonika Katariya,sonika.katariya@kforce.co.in,Member,,"[{""signInType"":""userPrincipalName"",""issuer"":""Kforceinternational.onmicrosoft.com"",""issuerAssignedId"":""sonika.katariya@kforce.co.in""}]",KnowledgeForce India,,+91 6264641941,sonika.katariya@kforce.co.in,IT Recruiter,True
a477a51c-5bd4-444c-be45-621343db534f,"Soto, Ed",esoto_kforce.com#EXT#@Kforceinternational.onmicrosoft.com,Member,,"[{""signInType"":""federated"",""issuer"":""ExternalAzureAD"",""issuerAssignedId"":null},{""signInType"":""userPrincipalName"",""issuer"":""Kforceinternational.onmicrosoft.com"",""issuerAssignedId"":""esoto_kforce.com#EXT#@Kforceinternational.onmicrosoft.com""}]",,Invitation,,esoto@kforce.com,VP Tax,True
a00dcb4e-fc8e-4a97-8c65-6904ba3306f9,Sourabh Chavan,sourabh.chavan@kforce.co.in,Member,,"[{""signInType"":""userPrincipalName"",""issuer"":""Kforceinternational.onmicrosoft.com"",""issuerAssignedId"":""sourabh.chavan@kforce.co.in""}]",KnowledgeForce India,,+91 77458 39737,sourabh.chavan@kforce.co.in,Talent Acquisition Manager,True
9a76431e-5c72-4652-9bd7-d6e29866c1ad,Sowmya Varre,sowmya.varre@kforce.co.in,Member,,"[{""signInType"":""userPrincipalName"",""issuer"":""Kforceinternational.onmicrosoft.com"",""issuerAssignedId"":""sowmya.varre@kforce.co.in""}]",KnowledgeForce India,,7995284007,sowmya.varre@kforce.co.in,Expert Data Engineer,True
ddcd2e39-5636-478f-854d-a4ea883e15f4,"Spiro, Rebecca",RJohnson3_kforce.com#EXT#@Kforceinternational.onmicrosoft.com,Member,,"[{""signInType"":""federated"",""issuer"":""ExternalAzureAD"",""issuerAssignedId"":null},{""signInType"":""userPrincipalName"",""issuer"":""Kforceinternational.onmicrosoft.com"",""issuerAssignedId"":""RJohnson3_kforce.com#EXT#@Kforceinternational.onmicrosoft.com""}]",,Invitation,,RJohnson3@kforce.com,Talent Associate VSD,True
ab06a182-6bb0-471e-9a7e-c5bf66c1217d,"Spring, Allison",ABugenstein_kforce.com#EXT#@Kforceinternational.onmicrosoft.com,Member,,"[{""signInType"":""federated"",""issuer"":""ExternalAzureAD"",""issuerAssignedId"":null},{""signInType"":""userPrincipalName"",""issuer"":""Kforceinternational.onmicrosoft.com"",""issuerAssignedId"":""ABugenstein_kforce.com#EXT#@Kforceinternational.onmicrosoft.com""}]",,Invitation,,ABugenstein@kforce.com,Supr Resource Mgmt,True
160b32ea-d886-46f1-8852-096ff1fa7930,Srinivas Guttikonda,srinivas.guttikonda@kforce.co.in,Member,,"[{""signInType"":""userPrincipalName"",""issuer"":""Kforceinternational.onmicrosoft.com"",""issuerAssignedId"":""srinivas.guttikonda@kforce.co.in""}]",KnowledgeForce India,,+1 - 3476020401,srinivas.guttikonda@kforce.co.in,Senior Data Engineer - Engineering Chpw,True
1feae6d4-e199-4b9a-aa0a-b45045e96b90,Sukhchain Singh,sukhchain.singh@kforce.co.in,Member,,"[{""signInType"":""userPrincipalName"",""issuer"":""Kforceinternational.onmicrosoft.com"",""issuerAssignedId"":""sukhchain.singh@kforce.co.in""}]",KnowledgeForce India,,,sukhchain.singh@kforce.co.in,Chief Operating Manager,True
ab2fae4d-d280-4933-98c7-bf51d03c8572,Sumit K Sharma,sumit.sharma@kforce.co.in,Member,,"[{""signInType"":""userPrincipalName"",""issuer"":""Kforceinternational.onmicrosoft.com"",""issuerAssignedId"":""sumit.sharma@kforce.co.in""}]",KnowledgeForce India,,,sumit.sharma@kforce.co.in,Knowledgeforce ISS Talent Associate,True
579dc58a-120a-471a-8c4e-eec417108996,Sundeep Veda,sundeep.veda@kforce.co.in,Member,,"[{""signInType"":""userPrincipalName"",""issuer"":""Kforceinternational.onmicrosoft.com"",""issuerAssignedId"":""sundeep.veda@kforce.co.in""}]",KnowledgeForce India,,+91 7995283007,sundeep.veda@kforce.co.in,Expert Data Engineer,True
a7d576d9-ca2a-40b0-87f6-5059a7105683,Suraj Malpani,suraj.malpani@kforce.co.in,Member,,"[{""signInType"":""userPrincipalName"",""issuer"":""Kforceinternational.onmicrosoft.com"",""issuerAssignedId"":""suraj.malpani@kforce.co.in""}]",KnowledgeForce India,,+91 8806537492,suraj.malpani@kforce.co.in,Senior Data Engineer,True
15ad361e-512b-49f0-af25-67cb24198a54,Suraj Surendra Nair,suraj.surendranair@kforce.co.in,Member,,"[{""signInType"":""userPrincipalName"",""issuer"":""Kforceinternational.onmicrosoft.com"",""issuerAssignedId"":""suraj.surendranair@kforce.co.in""}]",KnowledgeForce India,,+918669049094,suraj.surendranair@kforce.co.in,Senior Java Developer,True
22a85655-b3a1-481f-8b60-5d73ff299389,"Suri, Kunal",KSuri_kforce.com#EXT#@Kforceinternational.onmicrosoft.com,Member,,"[{""signInType"":""federated"",""issuer"":""ExternalAzureAD"",""issuerAssignedId"":null},{""signInType"":""userPrincipalName"",""issuer"":""Kforceinternational.onmicrosoft.com"",""issuerAssignedId"":""KSuri_kforce.com#EXT#@Kforceinternational.onmicrosoft.com""}]",,Invitation,,KSuri@kforce.com,Principal Consulting Solutions,True
e329e843-620e-4489-ba36-434d26305ea6,Surya Gopisetty,surya.gopisetty@kforce.co.in,Member,,"[{""signInType"":""userPrincipalName"",""issuer"":""Kforceinternational.onmicrosoft.com"",""issuerAssignedId"":""surya.gopisetty@kforce.co.in""}]",KnowledgeForce India,,+91 7989607161,surya.gopisetty@kforce.co.in,Senior Data Ops Engineer,True
d7fa0dcf-05b5-4594-b34b-8c079bacfc41,Suvarandeep Gaikwad,suvarandeep.gaikwad@kforce.co.in,Member,,"[{""signInType"":""userPrincipalName"",""issuer"":""Kforceinternational.onmicrosoft.com"",""issuerAssignedId"":""suvarandeep.gaikwad@kforce.co.in""}]",KnowledgeForce India,,+91 9322107323,suvarandeep.gaikwad@kforce.co.in,Talent Acquisition Intern,True
a7753590-479e-439d-bf16-4621d546325d,"Svirbely, Joe",JSvirbely_kforce.com#EXT#@Kforceinternational.onmicrosoft.com,Member,,"[{""signInType"":""federated"",""issuer"":""ExternalAzureAD"",""issuerAssignedId"":null},{""signInType"":""userPrincipalName"",""issuer"":""Kforceinternational.onmicrosoft.com"",""issuerAssignedId"":""JSvirbely_kforce.com#EXT#@Kforceinternational.onmicrosoft.com""}]",,Invitation,,JSvirbely@kforce.com,ITS Resource Manager,True
deb2f19c-65ab-447d-885e-4c151d02e111,Swadesh Pandey,swadesh.pandey@kforce.co.in,Member,,"[{""signInType"":""userPrincipalName"",""issuer"":""Kforceinternational.onmicrosoft.com"",""issuerAssignedId"":""swadesh.pandey@kforce.co.in""}]",KnowledgeForce India,,+91 9852058987,swadesh.pandey@kforce.co.in,It Recruiter,True
d879969f-d1c2-4c5f-8d88-30cba4e28727,Swapnil Jamdhade,swapnil.jamdhade@kforce.co.in,Member,,"[{""signInType"":""userPrincipalName"",""issuer"":""Kforceinternational.onmicrosoft.com"",""issuerAssignedId"":""swapnil.jamdhade@kforce.co.in""}]",KnowledgeForce India,,+91 9970627773,swapnil.jamdhade@kforce.co.in,Data Engineer,True
b568555c-c617-4d7b-887e-780edf3dc926,Swapnil Kadam,swapnil.kadam@kforce.co.in,Member,,"[{""signInType"":""userPrincipalName"",""issuer"":""Kforceinternational.onmicrosoft.com"",""issuerAssignedId"":""swapnil.kadam@kforce.co.in""}]",KnowledgeForce India,,+91 8080057624,swapnil.kadam@kforce.co.in,Ai Engineer - Ai Pods,True
5b72014d-d6dd-452d-b434-a59a76a98474,Swapnil Srivastava,swapnil.srivastava@kforce.co.in,Member,,"[{""signInType"":""userPrincipalName"",""issuer"":""Kforceinternational.onmicrosoft.com"",""issuerAssignedId"":""swapnil.srivastava@kforce.co.in""}]",Other,,9599066811,swapnil.srivastava@kforce.co.in,Engagement Manager,True
3c299fdc-c835-4267-8b34-5cb1671f3a4e,Swarnakshi Sharma,swarnakshi.sharma@kforce.co.in,Member,,"[{""signInType"":""userPrincipalName"",""issuer"":""Kforceinternational.onmicrosoft.com"",""issuerAssignedId"":""swarnakshi.sharma@kforce.co.in""}]",Innovalus,,,swarnakshi.sharma@kforce.co.in,HR BUSINESS PARTNER,True
7c57b477-e0ae-4c82-b52f-0dee9c1875f5,Swathi Narayanaswamy,swathi.narayanaswamy@kforce.co.in,Member,,"[{""signInType"":""userPrincipalName"",""issuer"":""Kforceinternational.onmicrosoft.com"",""issuerAssignedId"":""swathi.narayanaswamy@kforce.co.in""}]",KnowledgeForce India,,+91 7204559004,swathi.narayanaswamy@kforce.co.in,Senior Data Engineer,True
d66a728f-106a-4ca7-a7be-70ed8c983bc3,"Swift, Josie",JSwift_kforce.com#EXT#@Kforceinternational.onmicrosoft.com,Member,,"[{""signInType"":""federated"",""issuer"":""ExternalAzureAD"",""issuerAssignedId"":null},{""signInType"":""userPrincipalName"",""issuer"":""Kforceinternational.onmicrosoft.com"",""issuerAssignedId"":""JSwift_kforce.com#EXT#@Kforceinternational.onmicrosoft.com""}]",,Invitation,,JSwift@kforce.com,Talent Associate ISS,True
07eb3869-b8e5-4279-962a-45186465e299,Tejal Medhe,tejal.medhe@kforce.co.in,Member,,"[{""signInType"":""userPrincipalName"",""issuer"":""Kforceinternational.onmicrosoft.com"",""issuerAssignedId"":""tejal.medhe@kforce.co.in""}]",KnowledgeForce India,,+91 9137190447,tejal.medhe@kforce.co.in,IT Recruiter,True
55476978-3da2-4ef1-a431-0ddbeba5fff5,"Thomas, Brittany",BThomas3_kforce.com#EXT#@Kforceinternational.onmicrosoft.com,Member,,"[{""signInType"":""federated"",""issuer"":""ExternalAzureAD"",""issuerAssignedId"":null},{""signInType"":""userPrincipalName"",""issuer"":""Kforceinternational.onmicrosoft.com"",""issuerAssignedId"":""BThomas3_kforce.com#EXT#@Kforceinternational.onmicrosoft.com""}]",,Invitation,,BThomas3@kforce.com,Sr Client Exec,True
cda8694e-417f-4013-af65-684e178d96ae,Triveni Patil,triveni.patil@kforce.co.in,Member,,"[{""signInType"":""userPrincipalName"",""issuer"":""Kforceinternational.onmicrosoft.com"",""issuerAssignedId"":""triveni.patil@kforce.co.in""}]",KnowledgeForce India,,+91 9075622652,triveni.patil@kforce.co.in,Full Stack Api Developer,True
775e4eeb-df34-437f-ae22-fb15b0c10dc0,Tushar Warale,tushar.warale@kforce.co.in,Member,,"[{""signInType"":""userPrincipalName"",""issuer"":""Kforceinternational.onmicrosoft.com"",""issuerAssignedId"":""tushar.warale@kforce.co.in""}]",KnowledgeForce India,,+91 7620699502,tushar.warale@kforce.co.in,IT Recruiter,True
5c97237c-7341-4672-917d-58dba28b165c,Vaishali Saxena,vaishali.saxena@kforce.co.in,Member,,"[{""signInType"":""userPrincipalName"",""issuer"":""Kforceinternational.onmicrosoft.com"",""issuerAssignedId"":""vaishali.saxena@kforce.co.in""}]",Innovalus,,+91 7768980408,vaishali.saxena@kforce.co.in,Hr Operations Manager,True
c0f8fa34-e672-47e5-9045-0d9b78daebe9,Vastavika S Chavan,vastavika.chavan@kforce.co.in,Member,,"[{""signInType"":""userPrincipalName"",""issuer"":""Kforceinternational.onmicrosoft.com"",""issuerAssignedId"":""vastavika.chavan@kforce.co.in""}]",KnowledgeForce India,,+91 99238 21920,vastavika.chavan@kforce.co.in,Talent Acquisition Manager,True
def82f52-f50a-491f-90dd-9b5bf53a3100,Vikas Rathod,vikas.rathod@kforce.co.in,Member,,"[{""signInType"":""userPrincipalName"",""issuer"":""Kforceinternational.onmicrosoft.com"",""issuerAssignedId"":""vikas.rathod@kforce.co.in""}]",KnowledgeForce India,,+918459225025,vikas.rathod@kforce.co.in,AWS Prompt Engineer,True
b62b6697-488c-4551-bb57-fbe2b4734e69,Vinit Bisen,vinit.bisen@kforce.co.in,Member,,"[{""signInType"":""userPrincipalName"",""issuer"":""Kforceinternational.onmicrosoft.com"",""issuerAssignedId"":""vinit.bisen@kforce.co.in""}]",KnowledgeForce India,,+919209636669,vinit.bisen@kforce.co.in,Prompt Engineer,True
00fcc015-38ac-4325-9010-2256dc4aaeaa,Vinit Thakur,vinit.thakur@kforce.co.in,Member,,"[{""signInType"":""userPrincipalName"",""issuer"":""Kforceinternational.onmicrosoft.com"",""issuerAssignedId"":""vinit.thakur@kforce.co.in""}]",KnowledgeForce India,,8605814155,vinit.thakur@kforce.co.in,IT Recruiter,True
65ed0753-762c-4cc4-8111-0cd290e46133,Vinit V Shah,vinit.shah@kforce.co.in,Member,,"[{""signInType"":""userPrincipalName"",""issuer"":""Kforceinternational.onmicrosoft.com"",""issuerAssignedId"":""vinit.shah@kforce.co.in""}]","KnowledgeForce India ",,,vinit.shah@kforce.co.in,Data Engineer,True
dbaaa236-2a43-4404-b85e-b32cdbace186,Vishakha Jhamnani,vishakha.jhamnani@kforce.co.in,Member,,"[{""signInType"":""userPrincipalName"",""issuer"":""Kforceinternational.onmicrosoft.com"",""issuerAssignedId"":""vishakha.jhamnani@kforce.co.in""}]",KnowledgeForce India,,+91 7758003109,vishakha.jhamnani@kforce.co.in,Talent Acquisition Intern,True
e2e1779e-1e3c-4446-8549-4b706b9f4df1,Vishwajeet P Singh,vishwajeet.singh@kforce.co.in,Member,,"[{""signInType"":""userPrincipalName"",""issuer"":""Kforceinternational.onmicrosoft.com"",""issuerAssignedId"":""vishwajeet.singh@kforce.co.in""}]",KnowledgeForce India,,,vishwajeet.singh@kforce.co.in,Data Engineer,True
08fce4f5-7d87-46dd-9fd3-7c7c3958e5a0,"Vitrano, Bobby",RVitrano_kforce.com#EXT#@Kforceinternational.onmicrosoft.com,Member,,"[{""signInType"":""federated"",""issuer"":""ExternalAzureAD"",""issuerAssignedId"":null},{""signInType"":""userPrincipalName"",""issuer"":""Kforceinternational.onmicrosoft.com"",""issuerAssignedId"":""RVitrano_kforce.com#EXT#@Kforceinternational.onmicrosoft.com""}]",,Invitation,,RVitrano@kforce.com,VP Consulting Solutions,True
94d273e2-eb72-4684-ba9a-909209e7b701,"Walker, Claire",CWalker4_kforce.com#EXT#@Kforceinternational.onmicrosoft.com,Member,,"[{""signInType"":""federated"",""issuer"":""ExternalAzureAD"",""issuerAssignedId"":null},{""signInType"":""userPrincipalName"",""issuer"":""Kforceinternational.onmicrosoft.com"",""issuerAssignedId"":""CWalker4_kforce.com#EXT#@Kforceinternational.onmicrosoft.com""}]",,Invitation,,CWalker4@kforce.com,Talent Associate ISS,True
9877280e-2db5-4977-8a22-f10267096335,"Warrenfeltz, Azure",AWarrenfeltz_kforce.com#EXT#@Kforceinternational.onmicrosoft.com,Member,,"[{""signInType"":""federated"",""issuer"":""ExternalAzureAD"",""issuerAssignedId"":null},{""signInType"":""userPrincipalName"",""issuer"":""Kforceinternational.onmicrosoft.com"",""issuerAssignedId"":""AWarrenfeltz_kforce.com#EXT#@Kforceinternational.onmicrosoft.com""}]",,Invitation,,AWarrenfeltz@kforce.com,Talent Associate ISS,False
f73b681e-2045-4d2a-9197-61e79d654f75,"Wegehaupt, Katie",kwegehaupt_kforce.com#EXT#@Kforceinternational.onmicrosoft.com,Member,,"[{""signInType"":""federated"",""issuer"":""ExternalAzureAD"",""issuerAssignedId"":null},{""signInType"":""userPrincipalName"",""issuer"":""Kforceinternational.onmicrosoft.com"",""issuerAssignedId"":""kwegehaupt_kforce.com#EXT#@Kforceinternational.onmicrosoft.com""}]",,Invitation,,kwegehaupt@kforce.com,Dir Administration Operations,True
86d12ebc-536f-44f4-996a-78394fb3f703,Weston Lucas,wlucas@Kforceinternational.onmicrosoft.com,Member,,"[{""signInType"":""userPrincipalName"",""issuer"":""Kforceinternational.onmicrosoft.com"",""issuerAssignedId"":""wlucas@Kforceinternational.onmicrosoft.com""}]",,,,,Sr IT User Supp Spec Infra,True
2a2bbe04-16e9-4e1c-9bac-594961be27d9,"Weston, Brittany",BWeston2_kforce.com#EXT#@Kforceinternational.onmicrosoft.com,Member,,"[{""signInType"":""federated"",""issuer"":""ExternalAzureAD"",""issuerAssignedId"":null},{""signInType"":""userPrincipalName"",""issuer"":""Kforceinternational.onmicrosoft.com"",""issuerAssignedId"":""BWeston2_kforce.com#EXT#@Kforceinternational.onmicrosoft.com""}]",,Invitation,,BWeston2@kforce.com,Talent Associate ISS,True
c537944f-df9d-4381-82f4-420eb395cd0f,"Wrickerson, Alonzo",AWrickerson_kforce.com#EXT#@Kforceinternational.onmicrosoft.com,Member,,"[{""signInType"":""federated"",""issuer"":""ExternalAzureAD"",""issuerAssignedId"":null},{""signInType"":""userPrincipalName"",""issuer"":""Kforceinternational.onmicrosoft.com"",""issuerAssignedId"":""AWrickerson_kforce.com#EXT#@Kforceinternational.onmicrosoft.com""}]",,Invitation,,AWrickerson@kforce.com,Strategic Talent Executive ISS,True
e76da83b-17ae-4b3f-a9e1-cab41123f040,"Wynn, Matthew - Q",Q-MWynn_kforce.com#EXT#@Kforceinternational.onmicrosoft.com,Member,,"[{""signInType"":""federated"",""issuer"":""ExternalAzureAD"",""issuerAssignedId"":null},{""signInType"":""userPrincipalName"",""issuer"":""Kforceinternational.onmicrosoft.com"",""issuerAssignedId"":""Q-MWynn_kforce.com#EXT#@Kforceinternational.onmicrosoft.com""}]",,Invitation,,Q-MWynn@kforce.com,,True
eaafbb2b-c038-464d-b925-e3db9d86cca7,Yash Notani,yash.notani@kforce.co.in,Member,,"[{""signInType"":""userPrincipalName"",""issuer"":""Kforceinternational.onmicrosoft.com"",""issuerAssignedId"":""yash.notani@kforce.co.in""}]",KnowledgeForce India,,+91 8208133589,yash.notani@kforce.co.in,Solution Architect,True
